group,element,名前,Name,VR,VM,
0x0008, 0x0001,"","Length to End",,,RET
0x0008, 0x0005,"特定文字集合","Specific Character Set",CS,1-n,
0x0008, 0x0008,"画像タイプ","Image Type",CS,1-n,
0x0008, 0x0010,"","Recognition Code",,,RET
0x0008, 0x0012,"インスタンス作成日付","Instance Creation Date",DA,1,
0x0008, 0x0013,"インスタンス作成時刻","Instance Creation Time",TM,1,
0x0008, 0x0014,"インスタンス作成者ＵＩＤ","Instance Creator UID",UI,1,
0x0008, 0x0016,"ＳＯＰクラスＵＩＤ","SOP Class UID",UI,1,
0x0008, 0x0018,"ＳＯＰインスタンスＵＩＤ","SOP Instance UID",UI,1,
0x0008, 0x0020,"検査日付","Study Date",DA,1,
0x0008, 0x0021,"シリーズ日付","Series Date",DA,1,
0x0008, 0x0022,"収集日付","Acquisition Date",DA,1,
0x0008, 0x0023,"内容日付","Content Date",DA,1,
0x0008, 0x0024,"オーバレイ日付","Overlay Date",DA,1,
0x0008, 0x0025,"カーブ日付","Curve Date",DA,1,
0x0008, 0x002A,"収集日時","Acquisition Datetime",DT,1,
0x0008, 0x0030,"検査時刻","Study Time",TM,1,
0x0008, 0x0031,"シリーズ時刻","Series Time",TM,1,
0x0008, 0x0032,"収集時刻","Acquisition Time",TM,1,
0x0008, 0x0033,"内容時刻","Content Time",TM,1,
0x0008, 0x0034,"オーバレイ時刻","Overlay Time",TM,1,
0x0008, 0x0035,"カーブ時刻","Curve Time",TM,1,
0x0008, 0x0040,"","Data Set Type",,,RET
0x0008, 0x0041,"","Data Set Subtype",,,RET
0x0008, 0x0042,"","Nuclear Medicine Series Type",CS,1,RET
0x0008, 0x0050,"受付番号","Accession Number",SH,1,
0x0008, 0x0052,"問合せ／取得レベル","Query/Retrieve Level",CS,1,
0x0008, 0x0054,"取得ＡＥ名称","Retrieve AE Title",AE,1-n,
0x0008, 0x0056,"インスタンス入手可能性","Instance Availability",CS,1,
0x0008, 0x0058,"失敗ＳＯＰインスタンスＵＩＤリスト","Failed SOP Instance UID List",UI,1-n,
0x0008, 0x0060,"モダリティ","Modality",CS,1,
0x0008, 0x0061,"検査の中のモダリティ","Modalities in Study",CS,1-n,
0x0008, 0x0064,"変換形式","Conversion Type",CS,1,
0x0008, 0x0068,"提示意図タイプ","Presentation Intent Type",CS,1,
0x0008, 0x0070,"製造者","Manufacturer",LO,1,
0x0008, 0x0080,"施設名","Institution Name",LO,1,
0x0008, 0x0081,"施設住所","Institution Address",ST,1,
0x0008, 0x0082,"施設コードシーケンス","Institution Code Sequence",SQ,1,
0x0008, 0x0090,"照会医師の名前","Referring Physician's Name",PN,1,
0x0008, 0x0092,"照会医師の住所","Referring Physician's Address",ST,1,
0x0008, 0x0094,"照会医師の電話番号","Referring Physician's Telephone Numbers",SH,1-n,
0x0008, 0x0100,"コード値","Code Value",SH,1,
0x0008, 0x0102,"符号化体系指定子","Coding Scheme Designator",SH,1,
0x0008, 0x0103,"符号化体系版","Coding Scheme Version",SH,1,
0x0008, 0x0104,"コード意味","Code Meaning",LO,1,
0x0008, 0x0105,"写像資源","Mapping Resource",CS,1,
0x0008, 0x0106,"コンテキストグループ版","Context Group Version",DT,1,
0x0008, 0x0107,"コンテキストグループ局所版","Context Group Local Version",DT,1,
0x0008, 0x010B,"符号集合拡張フラグ","Code Set Extension Flag",CS,1,
0x0008, 0x010C,"私的符号化体系作成者ＵＩＤ","Private Coding Scheme Creator UID",UI,1,
0x0008, 0x010D,"符号集合拡張作成者ＵＩＤ","Code Set Extension Creator UID",UI,1,
0x0008, 0x010F,"コンテキスト識別子","Context Identifier",CS,1,
0x0008, 0x0201,"UTCからの時間帯オフセット","Timezone Offset From UTC",SH,1,
0x0008, 0x1000,"","Network ID",,,RET
0x0008, 0x1010,"ステーション名","Station Name",SH,1,
0x0008, 0x1030,"検査記述","Study Description",LO,1,
0x0008, 0x1032,"手続きコードシーケンス","Procedure Code Sequence",SQ,1,
0x0008, 0x103E,"シリーズ記述","Series Description",LO,1,
0x0008, 0x1040,"施設部門名","Institutional Department Name",LO,1,
0x0008, 0x1048,"記録担当医師","Physicians of Record",PN,1-n,
0x0008, 0x1050,"実施医師の名前","Performing Physician's Name",PN,1-n,
0x0008, 0x1060,"検査読影医師の名前","Name of  Physicians Reading Study",PN,1-n,
0x0008, 0x1070,"操作者の名前","Operators' Name",PN,1-n,
0x0008, 0x1080,"受診時診断記述","Admitting Diagnoses Description",LO,1-n,
0x0008, 0x1084,"受診時診断コードシーケンス","Admitting Diagnosis Code Sequence",SQ,1,
0x0008, 0x1090,"製造者のモデル名","Manufacturer's Model Name",LO,1,
0x0008, 0x1100,"参照結果シーケンス","Referenced Results Sequence",SQ,1,
0x0008, 0x1110,"参照検査シーケンス","Referenced Study Sequence",SQ,1,
0x0008, 0x1111,"参照検査構成要素シーケンス","Referenced Study Component Sequence",SQ,1,
0x0008, 0x1115,"参照シリーズシーケンス","Referenced Series Sequence",SQ,1,
0x0008, 0x1120,"参照患者シーケンス","Referenced Patient Sequence",SQ,1,
0x0008, 0x1125,"参照来院シーケンス","Referenced Visit Sequence",SQ,1,
0x0008, 0x1130,"参照オーバレイシーケンス","Referenced Overlay Sequence",SQ,1,
0x0008, 0x1140,"参照画像シーケンス","Referenced Image Sequence",SQ,1,
0x0008, 0x1145,"参照カーブシーケンス","Referenced Curve Sequence",SQ,1,
0x0008, 0x1150,"参照ＳＯＰクラスＵＩＤ","Referenced SOP Class UID",UI,1,
0x0008, 0x1155,"参照ＳＯＰインスタンスＵＩＤ","Referenced SOP Instance UID",UI,1,
0x0008, 0x115A,"サポートするＳＯＰクラス","SOP Classes Supported",UI,1-n,
0x0008, 0x1160,"参照フレーム番号","Referenced Frame Number",IS,1-n,
0x0008, 0x1195,"処理ＵＩＤ","Transaction UID",UI,1,
0x0008, 0x1197,"失敗理由","Failure Reason",US,1,
0x0008, 0x1198,"失敗ＳＯＰシーケンス","Failed SOP Sequence",SQ,1,
0x0008, 0x1199,"参照ＳＯＰシーケンス","Referenced SOP Sequence",SQ,1,
0x0008, 0x2110,"","Lossy Image Compression",CS,1,RET
0x0008, 0x2111,"導出記述","Derivation Description",ST,1,
0x0008, 0x2112,"発生源画像シーケンス","Source Image Sequence",SQ,1,
0x0008, 0x2120,"ステージ名","Stage Name",SH,1,
0x0008, 0x2122,"ステージ番号","Stage Number",IS,1,
0x0008, 0x2124,"ステージの数","Number of Stages",IS,1,
0x0008, 0x2128,"ビュー番号","View Number",IS,1,
0x0008, 0x2129,"イベントタイマの数","Number of Event Timers",IS,1,
0x0008, 0x212A,"ステージの中のビューの数","Number of Views in Stage",IS,1,
0x0008, 0x2130,"イベント経過時間","Event Elapsed Times",DS,1-n,
0x0008, 0x2132,"イベントタイマ名","Event Timer Names",LO,1-n,
0x0008, 0x2142,"開始トリム","Start Trim",IS,1,
0x0008, 0x2143,"停止トリム","Stop Trim",IS,1,
0x0008, 0x2144,"推奨表示フレーム率","Recommended Display Frame Rate",IS,1,
0x0008, 0x2200,"","Transducer Position",CS,1,RET
0x0008, 0x2204,"","Transducer Orientation",CS,1,RET
0x0008, 0x2208,"","Anatomic Structure",CS,1,RET
0x0008, 0x2218,"解剖学的領域シーケンス","Anatomic Region Sequence",SQ,1,
0x0008, 0x2220,"解剖学的領域修飾子シーケンス","Anatomic Region Modifier Sequence",SQ,1,
0x0008, 0x2228,"解剖学的主要構造シーケンス","Primary Anatomic Structure Sequence",SQ,1,
0x0008, 0x2229,"解剖学的構造，空間あるいは領域シーケンス","Anatomic Structure", Space or Region Sequence,SQ,1,
0x0008, 0x2230,"解剖学的主要構造修飾子シーケンス","Primary Anatomic Structure Modifier Sequence",SQ,1,
0x0008, 0x2240,"探触子位置シーケンス","Transducer Position Sequence",SQ,1,
0x0008, 0x2242,"探触子位置修飾子シーケンス","Transducer Position Modifier Sequence",SQ,1,
0x0008, 0x2244,"探触子向きシーケンス","Transducer Orientation Sequence",SQ,1,
0x0008, 0x2246,"探触子向き修飾子シーケンス","Transducer Orientation Modifier Sequence",SQ,1,
0x0008, 0x4000,"","Comments",,,RET
0x0010, 0x0010,"患者の名前","Patient's Name",PN,1,
0x0010, 0x0020,"患者ＩＤ","Patient ID",LO,1,
0x0010, 0x0021,"患者ＩＤの発行者","Issuer of Patient ID",LO,1,
0x0010, 0x0030,"患者の誕生日","Patient's Birth Date",DA,1,
0x0010, 0x0032,"患者の誕生時刻","Patient's Birth Time",TM,1,
0x0010, 0x0040,"患者の性別","Patient's Sex",CS,1,
0x0010, 0x0050,"患者の保険計画コードシーケンス","Patient's Insurance Plan Code Sequence",SQ,1,
0x0010, 0x1000,"患者の他のＩＤ","Other Patient IDs",LO,1-n,
0x0010, 0x1001,"患者の他の名前","Other Patient Names",PN,1-n,
0x0010, 0x1005,"患者の誕生名","Patient's Birth Name",PN,1,
0x0010, 0x1010,"患者の年齢","Patient's Age",AS,1,
0x0010, 0x1020,"患者の身長","Patient's Size",DS,1,
0x0010, 0x1030,"患者の体重","Patient's Weight",DS,1,
0x0010, 0x1040,"患者の住所","Patient's Address",LO,1,
0x0010, 0x1050,"","Insurance Plan Identification",,,RET
0x0010, 0x1060,"患者の母の誕生名","Patient's Mother's Birth Name",PN,1,
0x0010, 0x1080,"軍の階級","Military Rank",LO,1,
0x0010, 0x1081,"軍の部門","Branch of Service",LO,1,
0x0010, 0x1090,"診療記録所在識別子","Medical Record Locator",LO,1,
0x0010, 0x2000,"医学的注意事項","Medical Alerts",LO,1-n,
0x0010, 0x2110,"造影剤アレルギー","Contrast Allergies",LO,1-n,
0x0010, 0x2150,"居住の国","Country of Residence",LO,1,
0x0010, 0x2152,"居住の地域","Region of Residence",LO,1,
0x0010, 0x2154,"患者の電話番号","Patient's Telephone Numbers",SH,1-n,
0x0010, 0x2160,"民族グループ","Ethnic Group",SH,1,
0x0010, 0x2180,"職業","Occupation",SH,1,
0x0010, 0x21A0,"喫煙の状態","Smoking Status",CS,1,
0x0010, 0x21B0,"患者の追加病歴","Additional Patient History",LT,1,
0x0010, 0x21C0,"妊娠の状態","Pregnancy Status",US,1,
0x0010, 0x21D0,"最終月経日","Last Menstrual Date",DA,1,
0x0010, 0x21F0,"患者の宗教上の選択","Patient's Religious Preference",LO,1,
0x0010, 0x4000,"患者コメント","Patient Comments",LT,1,
0x0018, 0x0010,"造影剤／ボーラス剤","Contrast/Bolus Agent",LO,1,
0x0018, 0x0012,"造影剤／ボーラス剤シーケンス","Contrast/Bolus Agent Sequence",SQ,1,
0x0018, 0x0014,"造影剤／ボーラス剤投与経路シーケンス","Contrast/Bolus Administration Route Sequence",SQ,1,
0x0018, 0x0015,"検査部位","Body Part Examined",CS,1,
0x0018, 0x0020,"スキャニングシーケンス","Scanning Sequence",CS,1-n,
0x0018, 0x0021,"シーケンス変形","Sequence Variant",CS,1-n,
0x0018, 0x0022,"スキャンオプション","Scan Options",CS,1-n,
0x0018, 0x0023,"ＭＲ収集タイプ","MR Acquisition Type",CS,1,
0x0018, 0x0024,"シーケンス名","Sequence Name",SH,1,
0x0018, 0x0025,"アンジオフラグ","Angio Flag",CS,1,
0x0018, 0x0026,"インターベンション薬剤情報シーケンス","Intervention Drug Information Sequence",SQ,1,
0x0018, 0x0027,"インターベンション薬剤停止時刻","Intervention Drug Stop Time",TM,1,
0x0018, 0x0028,"インターベンション薬剤投与量","Intervention Drug Dose",DS,1,
0x0018, 0x0029,"インターベンション薬剤コードシーケンス","Intervention Drug Code Sequence",SQ,1,
0x0018, 0x002A,"追加薬剤シーケンス","Additional Drug Sequence",SQ,1,
0x0018, 0x0030,"","Radionuclide",LO,1-n,RET
0x0018, 0x0031,"放射性医薬品","Radiopharmaceutical",LO,1,
0x0018, 0x0032,"","Energy Window Centerline",DS,1,RET
0x0018, 0x0033,"","Energy Window Total Width",DS,1-n,RET
0x0018, 0x0034,"インターベンション薬剤名","Intervention Drug Name",LO,1,
0x0018, 0x0035,"インターベンション薬剤開始時刻","Intervention Drug Start Time",TM,1,
0x0018, 0x0036,"インターベンション治療シーケンス","Interventional Therapy Sequence",SQ,1,
0x0018, 0x0037,"治療タイプ","Therapy Type",CS,1,
0x0018, 0x0038,"インターベンション状態","Interventional Status",CS,1,
0x0018, 0x0039,"治療記述","Therapy Description",CS,1,
0x0018, 0x0040,"シネ速度","Cine Rate ",IS,1,
0x0018, 0x0050,"スライス厚さ","Slice Thickness",DS,1,
0x0018, 0x0060,"ＫＶＰ","KVP",DS,1,
0x0018, 0x0070,"積算カウント","Counts Accumulated",IS,1,
0x0018, 0x0071,"収集終了条件","Acquisition Termination Condition",CS,1,
0x0018, 0x0072,"実効シリーズ持続時間","Effective Series Duration",DS,1,
0x0018, 0x0073,"収集開始条件","Acquisition Start Condition",CS,1,
0x0018, 0x0074,"収集開始条件データ","Acquisition Start Condition Data",IS,1,
0x0018, 0x0075,"収集終了条件データ","Acquisition Termination Condition Data",IS,1,
0x0018, 0x0080,"反復時間","Repetition Time",DS,1,
0x0018, 0x0081,"エコー時間","Echo Time",DS,1,
0x0018, 0x0082,"反転時間","Inversion Time",DS,1,
0x0018, 0x0083,"平均化の回数","Number of Averages",DS,1,
0x0018, 0x0084,"画像周波数","Imaging Frequency",DS,1,
0x0018, 0x0085,"画像原子核","Imaged Nucleus",SH,1,
0x0018, 0x0086,"エコー番号","Echo Numbers",IS,1-n,
0x0018, 0x0087,"磁場強度","Magnetic Field Strength",DS,1,
0x0018, 0x0088,"スライス間間隔","Spacing Between Slices",DS,1,
0x0018, 0x0089,"位相符号化ステップの数","Number of Phase Encoding Steps",IS,1,
0x0018, 0x0090,"データ採集直径","Data Collection Diameter",DS,1,
0x0018, 0x0091,"エコートレン長さ","Echo Train Length",IS,1,
0x0018, 0x0093,"サンプリング百分率","Percent Sampling",DS,1,
0x0018, 0x0094,"位相視野百分率","Percent Phase Field of View",DS,1,
0x0018, 0x0095,"画素バンド幅","Pixel Bandwidth",DS,1,
0x0018, 0x1000,"装置シリアル番号","Device Serial Number",LO,1,
0x0018, 0x1004,"プレートＩＤ","Plate ID",LO,1,
0x0018, 0x1010,"二次取得装置ＩＤ","Secondary Capture Device ID",LO,1,
0x0018, 0x1011,"ハードコピー作成装置ＩＤ","Hardcopy Creation Device ID",LO,1,
0x0018, 0x1012,"二次取得の日付","Date of Secondary Capture",DA,1,
0x0018, 0x1014,"二次取得の時刻","Time of Secondary Capture",TM,1,
0x0018, 0x1016,"二次取得装置製造者","Secondary Capture Device Manufacturer",LO,1,
0x0018, 0x1017,"ハードコピー装置製造者","Hardcopy Device Manufacturer",LO,1,
0x0018, 0x1018,"二次取得装置製造者のモデル名","Secondary Capture Device Manufacturer's Model Name",LO,1,
0x0018, 0x1019,"二次取得装置ソフトウェア版","Secondary Capture Device Software Versions",LO,1-n,
0x0018, 0x101A,"ハードコピー装置ソフトウェア版","Hardcopy Device Software Version",LO,1-n,
0x0018, 0x101B,"ハードコピー装置製造者のモデル名","Hardcopy Device Manfuacturer's Model Name",LO,1,
0x0018, 0x1020,"ソフトウェア版","Software Versions",LO,1-n,
0x0018, 0x1022,"取得ビデオ画像形式","Video Image Format Acquired",SH,1,
0x0018, 0x1023,"取得デジタル画像形式","Digital Image Format Acquired",LO,1,
0x0018, 0x1030,"プロトコル名","Protocol Name",LO,1,
0x0018, 0x1040,"造影剤／ボーラス経路","Contrast/Bolus Route",LO,1,
0x0018, 0x1041,"造影剤／ボーラス容量","Contrast/Bolus Volume",DS,1,
0x0018, 0x1042,"造影剤／ボーラス開始時刻","Contrast/Bolus Start Time ",TM,1,
0x0018, 0x1043,"造影剤／ボーラス停止時刻","Contrast/Bolus Stop Time ",TM,1,
0x0018, 0x1044,"造影剤／ボーラス全投与量","Contrast/Bolus Total Dose",DS,1,
0x0018, 0x1045,"注射器カウント","Syringe Counts",IS,1,
0x0018, 0x1046,"造影剤流量","Contrast Flow Rates",DS,1-n,
0x0018, 0x1047,"造影剤流れ期間","Contrast Flow Durations",DS,1-n,
0x0018, 0x1048,"造影剤／ボーラス成分","Contrast/Bolus Ingredient",CS,1,
0x0018, 0x1049,"造影剤／ボーラス成分濃度","Contrast/Bolus Ingredient Concentration",DS,1,
0x0018, 0x1050,"空間分解能","Spatial Resolution",DS,1,
0x0018, 0x1060,"トリガー時間","Trigger Time",DS,1,
0x0018, 0x1061,"トリガー源またはタイプ","Trigger Source or Type",LO,1,
0x0018, 0x1062,"公称Ｒ−Ｒ間隔","Nominal Interval",IS,1,
0x0018, 0x1063,"フレーム時間","Frame Time",DS,1,
0x0018, 0x1064,"フレーム化タイプ","Framing Type",LO,1,
0x0018, 0x1065,"フレーム時間ベクトル","Frame Time Vector",DS,1-n,
0x0018, 0x1066,"フレーム遅れ","Frame Delay",DS,1,
0x0018, 0x1067,"画像トリガー遅延","Image Trigger Delay",DS,1,
0x0018, 0x1068,"多重グループ時間オフセット","Multiplex Group Time Offset",DS,1,
0x0018, 0x1069,"トリガー時間オフセット","Trigger Time Offset",DS,1,
0x0018, 0x106A,"同期トリガー","Synchronization Trigger",CS,1,
0x0018, 0x106C,"同期チャネル","Synchronization Channel",US,2,
0x0018, 0x106E,"トリガーサンプル位置","Trigger Sample Position",UL,1,
0x0018, 0x1070,"","Radionuclide Route",LO,1-n,RET
0x0018, 0x1070,"放射性医薬品経路","Radiopharmaceutical Route",LO,1,
0x0018, 0x1071,"","Radionuclide Volume",DS,1-n,RET
0x0018, 0x1071,"放射性医薬品容積","Radiopharmaceutical Volume",DS,1,
0x0018, 0x1072,"","Radionuclide Start Time",TM,1-n,RET
0x0018, 0x1072,"放射性医薬品開始時刻","Radiopharmaceutical Start Time",TM,1,
0x0018, 0x1073,"","Radionuclide Stop Time",TM,1-n,RET
0x0018, 0x1073,"放射性医薬品停止時刻","Radiopharmaceutical Stop Time",TM,1,
0x0018, 0x1074,"","Radionuclide Total Dose",DS,1-n,RET
0x0018, 0x1074,"放射性核種総投与量","Radionuclide Total Dose",DS,1,
0x0018, 0x1075,"放射性核種半減期","Radionuclide Half Life",DS,1,
0x0018, 0x1076,"放射性核種陽電子放出割合","Radionuclide Positron Fraction",DS,1,
0x0018, 0x1077,"放射性医薬品比放射能","Radiopharmaceutical Specific Activity",DS,1,
0x0018, 0x1080,"拍動除去フラグ","Beat Rejection Flag",CS,1,
0x0018, 0x1081,"下限Ｒ−Ｒ値","Low R-R Value",IS,1,
0x0018, 0x1082,"上限Ｒ−Ｒ値","High R-R Value",IS,1,
0x0018, 0x1083,"取得間隔","Intervals Acquired",IS,1,
0x0018, 0x1084,"除去間隔","Intervals Rejected",IS,1,
0x0018, 0x1085,"ＰＶＣ除去","PVC Rejection",LO,1,
0x0018, 0x1086,"スキップ拍動","Skip Beats",IS,1,
0x0018, 0x1088,"心拍数","Heart Rate",IS,1,
0x0018, 0x1090,"心画像の数","Cardiac Number of Images",IS,1,
0x0018, 0x1094,"トリガーウインドウ","Trigger Window",IS,1,
0x0018, 0x1100,"再構成直径","Reconstruction Diameter",DS,1,
0x0018, 0x1110,"線源検出器間距離","Distance Source to Detector",DS,1,
0x0018, 0x1111,"線源患者間距離","Distance Source to Patient",DS,1,
0x0018, 0x1114,"推定Ｘ線撮影拡大率","Estimated Radiographic Magnification Factor",DS,1,
0x0018, 0x1120,"架台／検出器傾き","Gantry/Detector Tilt",DS,1,
0x0018, 0x1121,"ガントリ／検出器回転","Gantry/Detector Slew",DS,1,
0x0018, 0x1130,"テーブル高さ","Table Height",DS,1,
0x0018, 0x1131,"テーブル横移動","Table Traverse",DS,1,
0x0018, 0x1134,"テーブル動き","Table Motion",CS,1,
0x0018, 0x1135,"テーブル垂直増分","Table Vertical Increment",DS,1-n,
0x0018, 0x1136,"テーブル横方向増分","Table Lateral Increment",DS,1-n,
0x0018, 0x1137,"テーブル縦方向増分","Table Longitudinal Increment",DS,1-n,
0x0018, 0x1138,"テーブル角度","Table Angle",DS,1,
0x0018, 0x113A,"テーブルタイプ","Table Type",CS,1,
0x0018, 0x1140,"回転方向","Rotation Direction",CS,1,
0x0018, 0x1141,"角度位置","Angular Position",DS,1,
0x0018, 0x1142,"半径方向位置","Radial Position",DS,1-n,
0x0018, 0x1143,"スキャンアーク","Scan Arc",DS,1,
0x0018, 0x1144,"角度ステップ","Angular Step",DS,1,
0x0018, 0x1145,"回転中心のオフセット","Center of Rotation Offset",DS,1,
0x0018, 0x1146,"","Rotation Offset",DS,1-n,RET
0x0018, 0x1147,"視野の形状","Field of View Shape",CS,1,
0x0018, 0x1149,"視野の寸法","Field of View Dimensions",IS,1-2,
0x0018, 0x1150,"曝射時間","Exposure Time",IS,1,
0x0018, 0x1151,"Ｘ線管電流","X-ray Tube Current",IS,1,
0x0018, 0x1152,"曝射量","Exposure ",IS,1,
0x0018, 0x1153,"μAsでの曝射量","Exposure in uAs",IS,1,
0x0018, 0x1154,"平均パルス幅","Average Pulse Width",DS,1,
0x0018, 0x1155,"放射条件","Radiation Setting",CS,1,
0x0018, 0x1156,"整流タイプ","Rectification Type",CS,1,
0x0018, 0x115A,"放射モード","Radiation Mode",CS,1,
0x0018, 0x115E,"画像面積線量積","Image Area Dose Product",DS,1,
0x0018, 0x1160,"フィルタタイプ","Filter Type",SH,1,
0x0018, 0x1161,"フィルタのタイプ","Type of Filters",LO,1-n,
0x0018, 0x1162,"インテンシファイア寸法","Intensifier Size",DS,1,
0x0018, 0x1164,"画像受像器画素間隔","Imager Pixel Spacing",DS,2,
0x0018, 0x1166,"グリッド","Grid",CS,1,
0x0018, 0x1170,"発生装置出力","Generator Power",IS,1,
0x0018, 0x1180,"コリメータ／グリッド名","Collimator/grid Name ",SH,1,
0x0018, 0x1181,"コリメータタイプ","Collimator Type",CS,1,
0x0018, 0x1182,"焦点距離","Focal Distance",IS,1-2,
0x0018, 0x1183,"Ｘ焦点中心","X Focus Center",DS,1-2,
0x0018, 0x1184,"Ｙ焦点中心","Y Focus Center",DS,1-2,
0x0018, 0x1190,"焦点","Focal Spots",DS,1-n,
0x0018, 0x1191,"陽極ターゲット材料","Anode Target Material",CS,1,
0x0018, 0x11A0,"部位厚さ","Body Part Thickness",DS,1,
0x0018, 0x11A2,"圧迫力","Compression Force",DS,1,
0x0018, 0x1200,"最終較正の日付","Date of Last Calibration",DA,1-n,
0x0018, 0x1201,"最終較正の時刻","Time of Last Calibration",TM,1-n,
0x0018, 0x1210,"コンボリューションカーネル","Convolution Kernel",SH,1-n,
0x0018, 0x1240,"","Upper/Lower Pixel Values",,,RET
0x0018, 0x1242,"実フレーム持続時間","Actual Frame Duration",IS,1,
0x0018, 0x1243,"カウント率","Count Rate",IS,1,
0x0018, 0x1244,"好ましい再生順序制御","Preferred Playback Sequencing",US,1,
0x0018, 0x1250,"受信コイル","Receiving Coil",SH,1,
0x0018, 0x1251,"送信コイル","Transmitting Coil",SH,1,
0x0018, 0x1260,"プレートタイプ","Plate Type",SH,1,
0x0018, 0x1261,"蛍光体タイプ","Phosphor Type",LO,1,
0x0018, 0x1300,"スキャン速度","Scan Velocity",DS,1,
0x0018, 0x1301,"全身技術","Whole Body Technique",CS,1-n,
0x0018, 0x1302,"スキャン長さ","Scan Length",IS,1,
0x0018, 0x1310,"収集マトリックス","Acquisition Matrix",US,4,
0x0018, 0x1312,"位相符号化方向","Phase Encoding Direction",CS,1,
0x0018, 0x1314,"フリップ角","Flip Angle",DS,1,
0x0018, 0x1315,"可変フリップ角フラグ","Variable Flip Angle Flag",CS,1,
0x0018, 0x1316,"ＳＡＲ","SAR",DS,1,
0x0018, 0x1318,"ｄＢ／ｄｔ","dB/dt",DS,1,
0x0018, 0x1400,"収集装置処理記述","Acquisition Device Processing Description ",LO,1,
0x0018, 0x1401,"収集装置処理コード","Acquisition Device Processing Code",LO,1,
0x0018, 0x1402,"カセッテの向き","Cassette Orientation",CS,1,
0x0018, 0x1403,"カセッテサイズ","Cassette Size",CS,1,
0x0018, 0x1404,"プレート上の曝射量","Exposures on Plate",US,1,
0x0018, 0x1405,"相対Ｘ線曝射量","Relative X-ray Exposure",IS,1,
0x0018, 0x1450,"支柱傾斜角","Column Angulation",CS,1,
0x0018, 0x1460,"断層面の高さ","Tomo Layer Height",DS,1,
0x0018, 0x1470,"断層角度","Tomo Angle",DS,1,
0x0018, 0x1480,"断層撮影時間","Tomo Time",DS,1,
0x0018, 0x1490,"断層タイプ","Tomo Type",CS,1,
0x0018, 0x1491,"断層クラス","Tomo Class",CS,1,
0x0018, 0x1495,"断層合成原画像の数","Number of Tomosynthesis Source Images",IS,1,
0x0018, 0x1500,"位置決め装置の動き","Positioner Motion",CS,1,
0x0018, 0x1508,"位置決め装置タイプ","Positioner Type",CS,1,
0x0018, 0x1510,"位置決め装置第一角度","Positioner Primary Angle",DS,1,
0x0018, 0x1511,"位置決め装置第二角度","Positioner Secondary Angle",DS,1,
0x0018, 0x1520,"位置決め装置第一角度増分","Positioner Primary Angle Increment",DS,1-n,
0x0018, 0x1521,"位置決め装置第二角度増分","Positioner Secondary Angle Increment",DS,1-n,
0x0018, 0x1530,"検出器第一角度","Detector Primary Angle",DS,1,
0x0018, 0x1531,"検出器第二角度","Detector Secondary Angle",DS,1,
0x0018, 0x1600,"シャッタ形状","Shutter Shape",CS,1-3,
0x0018, 0x1602,"シャッタの左垂直端","Shutter Left Vertical Edge",IS,1,
0x0018, 0x1604,"シャッタの右垂直端","Shutter Right Vertical Edge",IS,1,
0x0018, 0x1606,"シャッタの上水平端","Shutter Upper Horizontal Edge",IS,1,
0x0018, 0x1608,"シャッタの下水平端","Shutter Lower Horizontal Edge",IS,1,
0x0018, 0x1610,"円形シャッタの中心","Center of Circular Shutter",IS,2,
0x0018, 0x1612,"円形シャッタの半径","Radius of Circular Shutter",IS,1,
0x0018, 0x1620,"多角形シャッタの頂点","Vertices of the Polygonal Shutter",IS,2-2n,
0x0018, 0x1622,"シャッタ提示値","Shutter Presentation Value",US,1,
0x0018, 0x1623,"シャッタオーバレイグループ","Shutter Overlay Group",US,1,
0x0018, 0x1700,"コリメータ形状","Collimator Shape",CS,1-3,
0x0018, 0x1702,"コリメータ左垂直端","Collimator Left Vertical Edge",IS,1,
0x0018, 0x1704,"コリメータ右垂直端","Collimator Right Vertical Edge",IS,1,
0x0018, 0x1706,"コリメータ上水平端","Collimator Upper Horizontal Edge",IS,1,
0x0018, 0x1708,"コリメータ下水平端","Collimator Lower Horizontal Edge",IS,1,
0x0018, 0x1710,"円形コリメータの中心","Center of Circular Collimator",IS,2,
0x0018, 0x1712,"円形コリメータの半径","Radius of Circular Collimator",IS,1,
0x0018, 0x1720,"多角形コリメータの頂点","Vertices of the Polygonal Collimator",IS,2-2n,
0x0018, 0x1800,"同期収集時刻","Acquisition Time Synchronized",CS,1,
0x0018, 0x1801,"時間ソース","Time Source",SH,1,
0x0018, 0x1802,"時間分配プロトコル","Time Distribution Protocol",CS,1,
0x0018, 0x4000,"","Comments",,,RET
0x0018, 0x5000,"出力","Output Power",SH,1-n,
0x0018, 0x5010,"探触子データ","Transducer Data",LO,3,
0x0018, 0x5012,"焦点深さ","Focus Depth",DS,1,
0x0018, 0x5020,"処理関数","Processing Function",LO,1,
0x0018, 0x5021,"後処理関数","Postprocessing Function",LO,1,
0x0018, 0x5022,"ＭＩ","Mechanical Index",DS,1,
0x0018, 0x5024,"骨ＴＩ","Thermal Index",DS,1,
0x0018, 0x5026,"頭蓋ＴＩ","Cranial Thermal Index",DS,1,
0x0018, 0x5027,"軟組織ＴＩ","Soft Tissue Thermal Index",DS,1,
0x0018, 0x5028,"軟組織焦点ＴＩ","Soft Tissue-focus Thermal Index",DS,1,
0x0018, 0x5029,"軟組織表面ＴＩ","Soft Tissue-surface Thermal Index",DS,1,
0x0018, 0x5030,"","Dynamic Range",,,RET
0x0018, 0x5040,"","Total Gain",,,RET
0x0018, 0x5050,"表示野の深さ","Depth of Scan Field",IS,1,
0x0018, 0x5100,"患者位置","Patient Position",CS,1,
0x0018, 0x5101,"視野位置","View Position",CS,1,
0x0018, 0x5104,"投影冠名コードシーケンス","Projection Eponymous Name Code Sequence",SQ,1,
0x0018, 0x5210,"画像変換マトリックス","Image Transformation Matrix",DS,6,
0x0018, 0x5212,"画像変換ベクトル","Image Translation Vector",DS,3,
0x0018, 0x6000,"感度","Sensitivity",DS,1,
0x0018, 0x6011,"超音波領域シーケンス","Sequence of Ultrasound Regions",SQ,1,
0x0018, 0x6012,"領域空間フォーマット","Region Spatial Format",US,1,
0x0018, 0x6014,"領域データタイプ","Region Data Type",US,1,
0x0018, 0x6016,"領域フラグ","Region Flags",UL,1,
0x0018, 0x6018,"領域位置 Min X0","Region Location Min X0",UL,1,
0x0018, 0x601A,"領域位置 Min Y0","Region Location Min Y0",UL,1,
0x0018, 0x601C,"領域位置 Max X1","Region Location Max X1",UL,1,
0x0018, 0x601E,"領域位置 Max Y1","Region Location Max Y1",UL,1,
0x0018, 0x6020,"参照画素 X0","Reference Pixel X0",SL,1,
0x0018, 0x6022,"参照画素 Y0","Reference Pixel Y0",SL,1,
0x0018, 0x6024,"物理単位Ｘ方向","Physical Units X Direction",US,1,
0x0018, 0x6026,"物理単位Ｙ方向","Physical Units Y Direction",US,1,
0x0018, 0x6028,"参照画素物理値Ｘ","Reference Pixel Physical Value X",FD,1,
0x0018, 0x602A,"参照画素物理値Ｙ","Reference Pixel Physical Value Y",FD,1,
0x0018, 0x602C,"物理変化量Ｘ","Physical Delta X",FD,1,
0x0018, 0x602E,"物理変化量Ｙ","Physical Delta Y",FD,1,
0x0018, 0x6030,"探触子周波数","Transducer Frequency",UL,1,
0x0018, 0x6031,"探触子タイプ","Transducer Type",CS,1,
0x0018, 0x6032,"パルス繰返し周波数","Pulse Repetition Frequency",UL,1,
0x0018, 0x6034,"ドプラ補正角度","Doppler Correction Angle",FD,1,
0x0018, 0x6036,"ステアリング角度","Steering Angle",FD,1,
0x0018, 0x6038,"ドプラサンプル容積 Ｘ位置","Doppler Sample Volume X Position",UL,1,
0x0018, 0x603A,"ドプラサンプル容積 Ｙ位置","Doppler Sample Volume Y Position",UL,1,
0x0018, 0x603C,"ＴＭ線の位置 X0","TM-Line Position X0",UL,1,
0x0018, 0x603E,"ＴＭ線の位置 Y0","TM-Line Position Y0",UL,1,
0x0018, 0x6040,"ＴＭ線の位置 X1","TM-Line Position X1",UL,1,
0x0018, 0x6042,"ＴＭ線の位置 Y1","TM-Line Position Y1",UL,1,
0x0018, 0x6044,"画素構成要素の方式","Pixel Component Organization",US,1,
0x0018, 0x6046,"画素構成要素マスク","Pixel Component Mask",UL,1,
0x0018, 0x6048,"画素構成要素範囲の始点","Pixel Component Range Start",UL,1,
0x0018, 0x604A,"画素構成要素範囲の終点","Pixel Component Range Stop",UL,1,
0x0018, 0x604C,"画素構成要素物理単位","Pixel Component Physical Units",US,1,
0x0018, 0x604E,"画素構成要素データタイプ","Pixel Component Data Type",US,1,
0x0018, 0x6050,"表折点の数","Number of Table Break Points",UL,1,
0x0018, 0x6052,"Ｘ折点の表","Table of X Break Points",UL,1-n,
0x0018, 0x6054,"Ｙ折点の表","Table of Y Break Points",FD,1-n,
0x0018, 0x6056,"表登録の数","Number of Table Entries",UL,1,
0x0018, 0x6058,"画素値の表","Table of Pixel Values",UL,1-n,
0x0018, 0x605A,"パラメタ値の表","Table of Parameter Values",FL,1-n,
0x0018, 0x7000,"検出器条件公称フラグ ","Detector Conditions Nominal Flag ",CS,1,
0x0018, 0x7001,"検出器温度","Detector Temperature",DS,1,
0x0018, 0x7004,"検出器タイプ","Detector Type",CS,1,
0x0018, 0x7005,"検出器構成","Detector Configuration",CS,1,
0x0018, 0x7006,"検出器記述","Detector Description",LT,1,
0x0018, 0x7008,"検出器モード","Detector Mode",LT,1,
0x0018, 0x700A,"検出器ＩＤ","Detector ID",SH,1,
0x0018, 0x700C,"最終検出器較正日付 ","Date of Last Detector Calibration ",DA,1,
0x0018, 0x700E,"最終検出器較正時刻","Time of Last Detector Calibration",TM,1,
0x0018, 0x7010,"最終較正後の検出器への曝射","Exposures on Detector Since Last Calibration ",IS,1,
0x0018, 0x7011,"製造後の検出器への曝射","Exposures on Detector Since Manufactured ",IS,1,
0x0018, 0x7012,"最終曝射後の検出器時間 ","Detector Time Since Last Exposure ",DS,1,
0x0018, 0x7014,"検出器活性時間 ","Detector Active Time ",DS,1,
0x0018, 0x7016,"曝射後の検出器活性オフセット","Detector Activation Offset From Exposure",DS,1,
0x0018, 0x701A,"検出器束 ","Detector Binning ",DS,2,
0x0018, 0x7020,"検出器構成要素物理的寸法","Detector Element Physical Size",DS,2,
0x0018, 0x7022,"検出器構成要素間隔","Detector Element Spacing",DS,2,
0x0018, 0x7024,"検出器活性形状","Detector Active Shape",CS,1,
0x0018, 0x7026,"検出器活性寸法","Detector Active Dimensions",DS,1-2,
0x0018, 0x7028,"検出器活性原点","Detector Active Origin",DS,2,
0x0018, 0x7030,"視野原点","Field of View Origin",DS,2,
0x0018, 0x7032,"視野回転","Field of View Rotation",DS,1,
0x0018, 0x7034,"視野水平フリップ","Field of View Horizontal Flip",CS,1,
0x0018, 0x7040,"グリッド吸収材料","Grid Absorbing Material",LT,1,
0x0018, 0x7041,"グリッド間隙材料","Grid Spacing Material",LT,1,
0x0018, 0x7042,"グリッド厚さ","Grid Thickness",DS,1,
0x0018, 0x7044,"グリッドピッチ","Grid Pitch",DS,1,
0x0018, 0x7046,"グリッド縦横比","Grid Aspect Ratio",IS,2,
0x0018, 0x7048,"グリッド周期","Grid Period",DS,1,
0x0018, 0x704C,"グリッド焦点距離","Grid Focal Distance",DS,1,
0x0018, 0x7050,"フィルタ材料","Filter Material",CS,1-n,
0x0018, 0x7052,"最小フィルタ厚さ","Filter Thickness Minimum",DS,1-n,
0x0018, 0x7054,"最大フィルタ厚さ","Filter Thickness Maximum",DS,1-n,
0x0018, 0x7060,"曝射制御モード","Exposure Control Mode",CS,1,
0x0018, 0x7062,"曝射制御モード記述","Exposure Control Mode Description",LT,1,
0x0018, 0x7064,"曝射状態","Exposure Status",CS,1,
0x0018, 0x7065,"フォトタイマ設定","Phototimer Setting",DS,1,
0x0018, 0x8150,"μＳでの曝射時間","Exposure Time in mS",DS,1,
0x0018, 0x8151,"μＡでのＸ線管電流","X-Ray Tube Current in mA",DS,1,
0x0020, 0x000D,"検査インスタンスＵＩＤ","Study Instance UID",UI,1,
0x0020, 0x000E,"シリーズインスタンスＵＩＤ","Series Instance UID",UI,1,
0x0020, 0x0010,"検査ＩＤ","Study ID",SH,1,
0x0020, 0x0011,"シリーズ番号","Series Number",IS,1,
0x0020, 0x0012,"収集番号","Acquisition Number",IS,1,
0x0020, 0x0013,"インスタンス番号","Instance Number",IS,1,
0x0020, 0x0014,"","Isotope Number",IS,1,RET
0x0020, 0x0015,"","Phase Number",IS,1,RET
0x0020, 0x0016,"","Interval Number",IS,1,RET
0x0020, 0x0017,"","Time Slot Number",IS,1,RET
0x0020, 0x0018,"","Angle Number",IS,1,RET
0x0020, 0x0019,"項目番号","Item Number",IS,1,
0x0020, 0x0020,"患者方向","Patient Orientation",CS,2,
0x0020, 0x0022,"オーバレイ番号","Overlay Number",IS,1,
0x0020, 0x0024,"カーブ番号","Curve Number",IS,1,
0x0020, 0x0026,"ルックアップテーブル番号","Lookup Table Number",IS,1,
0x0020, 0x0030,"","Image Position",,,RET
0x0020, 0x0032,"画像位置（患者）","Image Position Patient",DS,3,
0x0020, 0x0035,"","Image Orientation",,,RET
0x0020, 0x0037,"画像方向（患者）","Image Orientation Patient",DS,6,
0x0020, 0x0050,"","Location",,,RET
0x0020, 0x0052,"基準座標系ＵＩＤ","Frame of Reference UID",UI,1,
0x0020, 0x0060,"左右","Laterality",CS,1,
0x0020, 0x0062,"画像側性","Image Laterality",CS,1,
0x0020, 0x0070,"","Image Geometry Type",,,RET
0x0020, 0x0080,"","Masking Image",,,RET
0x0020, 0x0100,"時間位置識別子","Temporal Position Identifier",IS,1,
0x0020, 0x0105,"時間位置の数","Number of Temporal Positions",IS,1,
0x0020, 0x0110,"時間分解能","Temporal Resolution",DS,1,
0x0020, 0x0200,"同期基準座標系","Synchronization Frame of Reference UID",UI,1,
0x0020, 0x1000,"検査の中のシリーズ","Series in Study",IS,1,
0x0020, 0x1001,"","Acquisitions in Series",,,RET
0x0020, 0x1002,"収集の中の画像","Images in Acquisition",IS,1,
0x0020, 0x1004,"検査の中の収集","Acquisitions in Study",IS,1,
0x0020, 0x1020,"","Reference",,,RET
0x0020, 0x1040,"位置基準標識","Position Reference Indicator",LO,1,
0x0020, 0x1041,"スライス位置","Slice Location",DS,1,
0x0020, 0x1070,"他の検査番号","Other Study Numbers",IS,1-n,
0x0020, 0x1200,"患者に関係した検査の数","Number of Patient Related Studies",IS,1,
0x0020, 0x1202,"患者に関係したシリーズの数","Number of Patient Related Series",IS,1,
0x0020, 0x1204,"患者に関係したインスタンスの数","Number of Patient Related Instances",IS,1,
0x0020, 0x1206,"検査に関係したシリーズの数","Number of Study Related Series",IS,1,
0x0020, 0x1208,"検査に関係したインスタンスの数","Number of Study Related Instances",IS,1,
0x0020, 0x1209,"シリーズに関係したインスタンスの数","Number of Series Related Instances",IS,1,
0x0020, 0x3100 t"o 31FF","",Source Image IDs,,,RET
0x0020, 0x3401,"","Modifying Device ID",,,RET
0x0020, 0x3402,"","Modified Image ID",,,RET
0x0020, 0x3403,"","Modified Image Date",,,RET
0x0020, 0x3404,"","Modifying Device Manufacturer",,,RET
0x0020, 0x3405,"","Modified Image Time",,,RET
0x0020, 0x3406,"","Modified Image Description",,,RET
0x0020, 0x4000,"画像コメント","Image Comments",LT,1,
0x0020, 0x5000,"","Original Image Identification",,,RET
0x0020, 0x5002,"","Original Image Identification Nomenclature",,,RET
0x0028, 0x0002,"画素あたりサンプル","Samples per Pixel",US,1,
0x0028, 0x0004,"光度測定解釈","Photometric Interpretation",CS,1,
0x0028, 0x0005,"","Image Dimensions",,,RET
0x0028, 0x0006,"面構成","Planar Configuration",US,1,
0x0028, 0x0008,"フレームの数","Number of Frames",IS,1,
0x0028, 0x0009,"フレーム増分ポインタ","Frame Increment Pointer",AT,1-n,
0x0028, 0x0010,"横行","Rows",US,1,
0x0028, 0x0011,"縦列","Columns",US,1,
0x0028, 0x0012,"面","Planes",US,1,
0x0028, 0x0014,"超音波カラーデータの存在","Ultrasound Color Data Present",US,1,
0x0028, 0x0030,"画素間隔","Pixel Spacing",DS,2,
0x0028, 0x0031,"ズーム率","Zoom Factor",DS,2,
0x0028, 0x0032,"ズーム中心","Zoom Center",DS,2,
0x0028, 0x0034,"画素アスペクト比","Pixel Aspect Ratio",IS,2,
0x0028, 0x0040,"","Image Format",,,RET
0x0028, 0x0050,"","Manipulated Image",,,RET
0x0028, 0x0051,"補正画像","Corrected Image",CS,1-n,
0x0028, 0x0060,"","Compression Code",,,RET
0x0028, 0x0100,"割り当てビット","Bits Allocated",US,1,
0x0028, 0x0101,"格納ビット","Bits Stored",US,1,
0x0028, 0x0102,"高位ビット","High Bit",US,1,
0x0028, 0x0103,"画素表現","Pixel Representation",US,1,
0x0028, 0x0104,"","Smallest Valid Pixel Value",,,RET
0x0028, 0x0105,"","Largest Valid Pixel Value",,,RET
0x0028, 0x0106,"最小画像画素値","Smallest Image Pixel Value",US or SS,1,
0x0028, 0x0107,"最大画像画素値","Largest Image Pixel Value",US or SS,1,
0x0028, 0x0108,"シリーズにおける最小画素値","Smallest Pixel Value in Series",US or SS,1,
0x0028, 0x0109,"シリーズにおける最大画素値","Largest Pixel Value in Series",US or SS,1,
0x0028, 0x0110,"面の中の最小画像画素値","Smallest Image Pixel Value in Plane",US or SS,1,
0x0028, 0x0111,"面の中の最大画像画素値","Largest Image Pixel Value in Plane",US or SS,1,
0x0028, 0x0120,"画素パディング値","Pixel Padding Value",US or SS,1,
0x0028, 0x0200,"","Image Location",,,RET
0x0028, 0x0300,"品質管理画像","Quality Control Image",CS,1,
0x0028, 0x0301,"焼き込み済注釈","Burned In Annotation",CS,1,
0x0028, 0x1040,"画素強度関係","Pixel Intensity Relationship",CS,1,
0x0028, 0x1041,"画素強度関係符号","Pixel Intensity Relationship Sign",SS,1,
0x0028, 0x1050,"ウィンドウ中心","Window Center",DS,1-n,
0x0028, 0x1051,"ウィンドウ幅","Window Width",DS,1-n,
0x0028, 0x1052,"リスケール切片","Rescale Intercept",DS,1,
0x0028, 0x1053,"リスケール傾斜","Rescale Slope",DS,1,
0x0028, 0x1054,"リスケールタイプ","Rescale Type",LO,1,
0x0028, 0x1055,"ウィンドウ中心および幅の説明","Window Center & Width Explanation",LO,1-n,
0x0028, 0x1080,"","Gray Scale",,,RET
0x0028, 0x1090,"推奨観察モード","Recommended Viewing Mode",CS,1,
0x0028, 0x1100,"","Gray Lookup Table Descriptor ",,,RET
0x0028, 0x1101,"赤パレットカラーＬＵＴ記述子","Red Palette Color Lookup Table Descriptor ",US or SS,3,
0x0028, 0x1102,"緑パレットカラーＬＵＴ記述子","Green Palette Color Lookup Table Descriptor ",US or SS,3,
0x0028, 0x1103,"青パレットカラーＬＵＴ記述子","Blue Palette Color Lookup Table Descriptor ",US or SS,3,
0x0028, 0x1199,"パレットカラーＬＵＴ ＵＩＤ","Palette Color Lookup Table UID",UI,1,
0x0028, 0x1200,"","Gray Lookup Table Data",,,RET
0x0028, 0x1201,"赤パレットカラーＬＵＴデータ","Red Palette Color Lookup Table Data",OW,1,
0x0028, 0x1202,"緑パレットカラーＬＵＴデータ","Green Palette Color Lookup Table Data",OW,1,
0x0028, 0x1203,"青パレットカラーＬＵＴデータ","Blue Palette Color Lookup Table Data",OW,1,
0x0028, 0x1221,"セグメント化赤パレットカラーＬＵＴデータ","Segmented Red Palette Color Lookup Table Data",OW,1,
0x0028, 0x1222,"セグメント化緑パレットカラーＬＵＴデータ","Segmented Green Palette Color Lookup Table Data",OW,1,
0x0028, 0x1223,"セグメント化青パレットカラーＬＵＴデータ","Segmented Blue Palette Color Lookup Table Data",OW,1,
0x0028, 0x1300,"インプラントの存在","Implant Present",CS,1,
0x0028, 0x1350,"部分視野","Partial View",CS,1,
0x0028, 0x1351,"部分視野記述","Partial View Description",ST,1,
0x0028, 0x2110,"非可逆画像圧縮","Lossy Image Compression",CS,1,
0x0028, 0x2112,"非可逆画像圧縮比","Lossy Image Compression Ratio",DS,1-n,
0x0028, 0x3000,"モダリティＬＵＴシーケンス","Modality LUT Sequence",SQ,1,
0x0028, 0x3002,"ＬＵＴ記述子","LUT Descriptor",US or SS,3,
0x0028, 0x3003,"ＬＵＴ説明","LUT Explanation",LO,1,
0x0028, 0x3004,"モダリティＬＵＴタイプ","Modality LUT Type",LO,1,
0x0028, 0x3006,"ＬＵＴデータ","LUT Data",US or SSor OW,1-n1,
0x0028, 0x3010,"ＶＯＩ ＬＵＴシーケンス","VOI LUT Sequence",SQ,1,
0x0028, 0x3110,"ソフトコピーＶＯＩ ＬＵＴシーケンス","Softcopy VOI LUT Sequence",SQ,1,
0x0028, 0x4000,"","Comments",,,RET
0x0028, 0x5000,"バイプレーン収集シーケンス","Bi-Plane Acquisition Sequence",SQ,1,
0x0028, 0x6010,"代表フレーム番号","Representative Frame Number",US,1,
0x0028, 0x6020,"関心フレーム番号（ＦＯＩ）","Frame Numbers of Interest FOI ",US,1-n,
0x0028, 0x6022,"関心フレームの記述","Frames of Interest Description",LO,1-n,
0x0028, 0x6030,"マスクポインタ","Mask Pointers",US,1-n,
0x0028, 0x6040,"Ｒ波ポインタ","R Wave Pointer",US,1-n,
0x0028, 0x6100,"マスク減算シーケンス","Mask Subtraction Sequence",SQ,1,
0x0028, 0x6101,"マスク操作","Mask Operation",CS,1,
0x0028, 0x6102,"適用可能フレーム範囲","Applicable Frame Range",US,2-2n,
0x0028, 0x6110,"マスクフレーム番号","Mask Frame Numbers",US,1-n,
0x0028, 0x6112,"平均化する造影フレーム","Contrast Frame Averaging",US,1,
0x0028, 0x6114,"マスク副画素移動","Mask Sub-pixel Shift",FL,2,
0x0028, 0x6120,"ＴＩＤオフセット","TID Offset",SS,1,
0x0028, 0x6190,"マスク操作説明","Mask Operation Explanation",ST,1,
0x0032, 0x000A,"検査状態ＩＤ","Study Status ID",CS,1,
0x0032, 0x000C,"検査優先度ＩＤ","Study Priority ID",CS,1,
0x0032, 0x0012,"検査ＩＤ発行者","Study ID Issuer",LO,1,
0x0032, 0x0032,"検査確認日付","Study Verified Date",DA,1,
0x0032, 0x0033,"検査確認時刻","Study Verified Time",TM,1,
0x0032, 0x0034,"検査読影日付","Study Read Date",DA,1,
0x0032, 0x0035,"検査読影時刻","Study Read Time",TM,1,
0x0032, 0x1000,"予約済検査開始日付","Scheduled Study Start Date",DA,1,
0x0032, 0x1001,"予約済検査開始時刻","Scheduled Study Start Time",TM,1,
0x0032, 0x1010,"予約済検査終了日付","Scheduled Study Stop Date",DA,1,
0x0032, 0x1011,"予約済検査終了時刻","Scheduled Study Stop Time",TM,1,
0x0032, 0x1020,"予約済検査場所","Scheduled Study Location",LO,1,
0x0032, 0x1021,"予約済検査場所ＡＥ名称","Scheduled Study Location AE Titles",AE,1-n,
0x0032, 0x1030,"検査についての理由","Reason for Study",LO,1,
0x0032, 0x1032,"依頼側医師","Requesting Physician",PN,1,
0x0032, 0x1033,"依頼側部門","Requesting Service",LO,1,
0x0032, 0x1040,"検査到着日付","Study Arrival Date",DA,1,
0x0032, 0x1041,"検査到着時刻","Study Arrival Time",TM,1,
0x0032, 0x1050,"検査完了日付","Study Completion Date",DA,1,
0x0032, 0x1051,"検査完了時刻","Study Completion Time",TM,1,
0x0032, 0x1055,"検査構成要素状態ＩＤ","Study Component Status ID",CS,1,
0x0032, 0x1060,"依頼済手続き記述","Requested Procedure Description",LO,1,
0x0032, 0x1064,"依頼済手続きコードシーケンス","Requested Procedure Code Sequence",SQ,1,
0x0032, 0x1070,"依頼済造影剤","Requested Contrast Agent",LO,1,
0x0032, 0x4000,"検査コメント","Study Comments",LT,1,
0x0038, 0x0004,"参照患者別名シーケンス","Referenced Patient Alias Sequence",SQ,1,
0x0038, 0x0008,"来院状態ＩＤ","Visit Status ID",CS,1,
0x0038, 0x0010,"受診ＩＤ","Admission ID",LO,1,
0x0038, 0x0011,"受診ＩＤの発行者","Issuer of Admission ID",LO,1,
0x0038, 0x0016,"受診の経路","Route of Admissions",LO,1,
0x0038, 0x001A,"予約済受診日付","Scheduled Admission Date",DA,1,
0x0038, 0x001B,"予約済受診時刻","Scheduled Admission Time",TM,1,
0x0038, 0x001C,"予約済退院日付","Scheduled Discharge Date",DA,1,
0x0038, 0x001D,"予約済退院時間","Scheduled Discharge Time",TM,1,
0x0038, 0x001E,"予約済患者施設内居所","Scheduled Patient Institution Residence",LO,1,
0x0038, 0x0020,"受診日付","Admitting Date",DA,1,
0x0038, 0x0021,"受診時刻","Admitting Time",TM,1,
0x0038, 0x0030,"退院日付","Discharge Date",DA,1,
0x0038, 0x0032,"退院時刻","Discharge Time",TM,1,
0x0038, 0x0040,"退院時診断記述","Discharge Diagnosis Description",LO,1,
0x0038, 0x0044,"退院時診断コードシーケンス","Discharge Diagnosis Code Sequence",SQ,1,
0x0038, 0x0050,"特別な介助","Special Needs",LO,1,
0x0038, 0x0300,"現在の患者の場所","Current Patient Location",LO,1,
0x0038, 0x0400,"患者の施設内居所","Patient's Institution Residence",LO,1,
0x0038, 0x0500,"患者の状態","Patient State",LO,1,
0x0038, 0x4000,"来院コメント","Visit Comments",LT,1,
0x003A, 0x0004,"波形オリジナリティ","Waveform Originality",CS,1,
0x003A, 0x0005,"波形チャネルの数","Number of Waveform Channels ",US,1,
0x003A, 0x0010,"波形サンプルの数","Number of Waveform Samples ",UL,1,
0x003A, 0x001A,"標本化周波数","Sampling Frequency ",DS,1,
0x003A, 0x0020,"多重グループラベル","Multiplex Group Label ",SH,1,
0x003A, 0x0200,"チャンネル定義シーケンス","Channel Definition Sequence",SQ,1,
0x003A, 0x0202,"波形チャネル番号","Waveform Channel Number ",IS,1,
0x003A, 0x0203,"チャンネルラベル","Channel Label",SH,1,
0x003A, 0x0205,"チャンネル状態","Channel Status",CS,1-n,
0x003A, 0x0208,"チャンネルソースシーケンス","Channel Source Sequence",SQ,1,
0x003A, 0x0209,"チャンネルソース修飾子シーケンス","Channel Source Modifiers Sequence",SQ,1,
0x003A, 0x020A,"ソース波形シーケンス","Source Waveform Sequence",SQ,1,
0x003A, 0x020C,"チャンネル導出記述","Channel Derivation Description",LO,1,
0x003A, 0x0210,"チャンネル感度","Channel Sensitivity ",DS,1,
0x003A, 0x0211,"チャンネル感度単位シーケンス","Channel Sensitivity Units Sequence",SQ,1,
0x003A, 0x0212,"チャンネル感度補正係数","Channel Sensitivity Correction Factor",DS,1,
0x003A, 0x0213,"チャンネル基線","Channel Baseline ",DS,1,
0x003A, 0x0214,"チャンネル時間スキュー","Channel Time Skew",DS,1,
0x003A, 0x0215,"チャンネルサンプルスキュー","Channel Sample Skew",DS,1,
0x003A, 0x0218,"チャンネルオフセット","Channel Offset",DS,1,
0x003A, 0x021A,"波形格納ビット","Waveform Bits Stored",US,1,
0x003A, 0x0220,"フィルタ低周波","Filter Low Frequency",DS,1,
0x003A, 0x0221,"フィルタ高周波","Filter High Frequency",DS,1,
0x003A, 0x0222,"ノッチフィルタ周波数","Notch Filter Frequency",DS,1,
0x003A, 0x0223,"ノッチフィルタ帯域幅","Notch Filter Bandwidth",DS,1,
0x0040, 0x0001,"予約済ステーションＡＥ名称","Scheduled Station AE Title",AE,1-n,
0x0040, 0x0002,"予約済手続きステップ開始日付","Scheduled Procedure Step Start Date",DA,1,
0x0040, 0x0003,"予約済手続きステップ開始時刻","Scheduled Procedure Step Start Time",TM,1,
0x0040, 0x0004,"予約済手続きステップ終了日付","Scheduled Procedure Step End Date",DA,1,
0x0040, 0x0005,"予約済手続きステップ終了時刻","Scheduled Procedure Step End Time",TM,1,
0x0040, 0x0006,"予約済実施医師の名前","Scheduled Performing Physician's Name",PN,1,
0x0040, 0x0007,"予約済手続きステップ記述","Scheduled Procedure Step Description",LO,1,
0x0040, 0x0008,"予約済実行項目コードシーケンス","Scheduled Action Item Code Sequence",SQ,1,
0x0040, 0x0009,"予約済手続きステップＩＤ","Scheduled Procedure Step ID",SH,1,
0x0040, 0x0010,"予約済ステーション名","Scheduled Station Name",SH,1-n,
0x0040, 0x0011,"予約済手続きステップ場所","Scheduled Procedure Step Location",SH,1,
0x0040, 0x0012,"事前薬物投与","Pre-Medication",LO,1,
0x0040, 0x0020,"予約済手続きステップ状態","Scheduled Procedure Step Status",CS,1,
0x0040, 0x0100,"予約済手続きステップシーケンス","Scheduled Procedure Step Sequence",SQ,1,
0x0040, 0x0220,"参照独立ＳＯＰインスタンスシーケンス","Referenced Standalone SOP Instance Sequence ",SQ,1,
0x0040, 0x0241,"実施済ステーションＡＥ名称","Performed Station AE Title",AE,1,
0x0040, 0x0242,"実施済ステーション名","Performed Station Name",,SH,1
0x0040, 0x0243,"実施済場所","Performed Location",SH,1,
0x0040, 0x0244,"実施済手続きステップ開始日付","Performed Procedure Step Start Date",DA,1,
0x0040, 0x0245,"実施済手続きステップ開始時刻","Performed Procedure Step Start Time",TM,1,
0x0040, 0x0250,"実施済手続きステップ終了日付","Performed Procedure Step End Date",DA,1,
0x0040, 0x0251,"実施済手続きステップ終了時刻","Performed Procedure Step End Time",TM,1,
0x0040, 0x0252,"実施済手続きステップ状態","Performed Procedure Step Status",CS,1,
0x0040, 0x0253,"実施済手続きステップＩＤ","Performed Procedure Step ID",SH,1,
0x0040, 0x0254,"実施済手続きステップ記述","Performed Procedure Step Description",LO,1,
0x0040, 0x0255,"実施済手続きタイプ記述","Performed Procedure Type Description",LO,1,
0x0040, 0x0260,"実施済実行項目シーケンス","Performed Action Item Sequence",SQ,1,
0x0040, 0x0270,"予約済ステップ属性シーケンス","Scheduled Step Attributes Sequence",SQ,1,
0x0040, 0x0275,"要求属性シーケンス","Request Attributes Sequence",SQ,1,
0x0040, 0x0280,"実施済手続きステップに間するコメント","Comments on the Performed Procedure Steps",ST,1,
0x0040, 0x0293,"数量シーケンス","Quantity Sequence",SQ,1,
0x0040, 0x0294,"数量","Quantity",DS,1,
0x0040, 0x0295,"測定単位シーケンス","Measuring Units Sequence",SQ,1,
0x0040, 0x0296,"請求書作成項目シーケンス","Billing Item Sequence",SQ,1,
0x0040, 0x0300,"Ｘ線透視の総時間","Total Time of Fluoroscopy",US,1,
0x0040, 0x0301,"照射線量の総計","Total Number of Exposures",US,1,
0x0040, 0x0302,"入射線量","Entrance Dose",US,1,
0x0040, 0x0303,"照射面積","Exposed Area",US,1-2,
0x0040, 0x0306,"線源入射面間距離","Distance Source to Entrance",DS,1,
0x0040, 0x0307,"線源支持器間距離","Distance Source to Support",DS,1,
0x0040, 0x0310,"放射線量に関するコメント","Comments on Radiation Dose",ST,1,
0x0040, 0x0312,"Ｘ線出力","X-Ray Output",DS,1,
0x0040, 0x0314,"半価層","Half Value Layer",DS,1,
0x0040, 0x0316,"臓器線量","Organ Dose",DS,1,
0x0040, 0x0318,"被曝臓器","Organ Exposed",CS,1,
0x0040, 0x0320,"請求書作成手続きステップシーケンス","Billing Procedure Step Sequence",SQ,1,
0x0040, 0x0321,"フィルム消費シーケンス","Film Consumption Sequence",SQ,1,
0x0040, 0x0324,"補用品および装置請求書作成シーケンス","Billing Supplies and Devices Sequence",SQ,1,
0x0040, 0x0330,"参照手続きステップシーケンス","Referenced Procedure Step Sequence",SQ,1,
0x0040, 0x0340,"実行済シリーズシーケンス","Performed Series Sequence",SQ,1,
0x0040, 0x0400,"予約済手続きステップについてのコメント","Comments on the Scheduled Procedure Step",LT,1,
0x0040, 0x050A,"標本受入番号","Specimen Accession Number",LO,1,
0x0040, 0x0550,"標本シーケンス","Specimen Sequence",SQ,1,
0x0040, 0x0551,"標本識別子","Specimen Identifier",LO,1,
0x0040, 0x059A,"標本タイプコードシーケンス","Specimen Type Code Sequence",SQ,1,
0x0040, 0x0555,"収集コンテキストシーケンス","Acquisition Context Sequence",SQ,1,
0x0040, 0x0556,"収集コンテキスト記述","Acquisition Context Description",ST,1,
0x0040, 0x06FA,"スライド識別子","Slide Identifier",LO,1,
0x0040, 0x071A,"画像中心点座標シーケンス","Image Center Point Coordinates Sequence",SQ,1,
0x0040, 0x072A,"スライド座標系でのＸオフセット","X offset in Slide Coordinate System",DS,1,
0x0040, 0x073A,"スライド座標系でのＹオフセット","Y offset in Slide Coordinate System",DS,1,
0x0040, 0x074A,"スライド座標系でのＺオフセット","Z offset in Slide Coordinate System",DS,1,
0x0040, 0x08D8,"画素間隔シーケンス","Pixel Spacing Sequence",SQ,1,
0x0040, 0x08DA,"座標系軸コードシーケンス","Coordinate System Axis Code Sequence",SQ,1,
0x0040, 0x08EA,"測定単位コードシーケンス","Measurement Units Code Sequence",SQ,1,
0x0040, 0x1001,"依頼済手続きＩＤ","Requested Procedure ID",SH,1,
0x0040, 0x1002,"依頼済手続きの理由","Reason for the Requested Procedure",LO,1,
0x0040, 0x1003,"依頼済手続き優先順位","Requested Procedure Priority ",SH,1,
0x0040, 0x1004,"患者移送手配","Patient Transport Arrangements",LO,1,
0x0040, 0x1005,"依頼済手続き場所","Requested Procedure Location",LO,1,
0x0040, 0x1006,"","Placer Order Number / Procedure",SH,1,RET
0x0040, 0x1007,"","Filler Order Number / Procedure",SH,1,RET
0x0040, 0x1008,"秘密性コード","Confidentiality Code",LO,1,
0x0040, 0x1009,"報告書作成優先度","Reporting Priority",SH,1,
0x0040, 0x1010,"結果の予定受取者の名前","Names of Intended Recipients of Results",PN,1-n,
0x0040, 0x1400,"依頼済手続きコメント","Requested Procedure Comments",LT,1,
0x0040, 0x2001,"画像サービス要求の理由","Reason for the Imaging Service Request",LO,1,
0x0040, 0x2004,"画像サービス要求の発行日付","Issue Date of Imaging Service Request",DA,1,
0x0040, 0x2005,"画像サービス要求の発行時刻","Issue Time of Imaging Service Request",TM,1,
0x0040, 0x2006,"","Placer Order Number / Imaging Service Request",SH,1,RET
0x0040, 0x2007,"","Filler Order Number / Imaging Service Request",SH,1,RET
0x0040, 0x2008,"オーダー登録者","Order Entered By",PN,1,
0x0040, 0x2009,"オーダー登録の場所","Order Enterer's Location",SH,1,
0x0040, 0x2010,"オーダーコールバック電話番号","Order Callback Phone Number",SH,1,
0x0040, 0x2016,"発注側オーダー番号／画像サービス要求","Placer Order Number / Imaging Service Request",LO,1,
0x0040, 0x2017,"受注側オーダー番号／画像サービス要求","Filler Order Number / Imaging Service Request",LO,1,
0x0040, 0x2400,"画像サービス要求コメント","Imaging Service Request Comments",LT,1,
0x0040, 0x3001,"患者データ守秘事項の記述","Confidentiality Constraint on Patient Data Description",LO,1,
0x0040, 0x8302,"mGyでの入射面線量","Entrance Dose in mGy",DS,1,
0x0040, 0xA010,"関係タイプ","Relationship Type",CS,1,
0x0040, 0xA027,"確認組織","Verifying Organization",LO,1,
0x0040, 0xA030,"確認日時","Verification DateTime",DT,1,
0x0040, 0xA032,"観察日時","Observation DateTime",DT,1,
0x0040, 0xA040,"値タイプ","Value Type",CS,1,
0x0040, 0xA043,"概念名コードシーケンス","Concept-name Code Sequence",SQ,1,
0x0040, 0xA050,"内容の連続性","Continuity Of Content",CS,1,
0x0040, 0xA073,"確認観察者シーケンス","Verifying Observer Sequence",SQ,1,
0x0040, 0xA075,"確認観察者名","Verifying Observer Name",PN,1,
0x0040, 0xA088,"確認観察者識別コードシーケンス","Verifying Observer Identification Code Sequence",SQ,1,
0x0040, 0xA0B0,"参照波形チャネル","Referenced Waveform Channels",US,2-2n,
0x0040, 0xA120,"日時","DateTime",DT,1,
0x0040, 0xA121,"日付","Date",DA,1,
0x0040, 0xA122,"時刻","Time",TM,1,
0x0040, 0xA123,"人名","Person Name",PN,1,
0x0040, 0xA124,"ＵＩＤ","UID",UI,1,
0x0040, 0xA130,"時間範囲タイプ","Temporal Range Type",CS,1,
0x0040, 0xA132,"参照サンプル位置","Referenced Sample Positions",UL,1-n,
0x0040, 0xA136,"参照フレーム番号","Referenced Frame Numbers",US,1-n,
0x0040, 0xA138,"参照時間オフセット","Referenced Time Offsets",DS,1-n,
0x0040, 0xA13A,"参照日時","Referenced Datetime ",DT,1-n,
0x0040, 0xA160,"テキスト値","Text Value",UT,1,
0x0040, 0xA168,"概念コードシーケンス","Concept Code Sequence",SQ,1,
0x0040, 0xA180,"注釈グループ番号","Annotation Group Number",US,1,
0x0040, 0xA195,"修飾子コードシーケンス","Modifier Code Sequence ",SQ,1,
0x0040, 0xA300,"測定値シーケンス","Measured Value Sequence",SQ,1,
0x0040, 0xA30A,"数値","Numeric Value",DS,1-n,
0x0040, 0xA360,"先行文書シーケンス","Predecessor Documents Sequence",SQ,1,
0x0040, 0xA370,"参照依頼シーケンス","Referenced Request Sequence",SQ,1,
0x0040, 0xA372,"実施済手続きコードシーケンス","Performed Procedure Code Sequence",SQ,1,
0x0040, 0xA375,"当該依頼済手続き証拠シーケンス","Current Requested Procedure Evidence Sequence",SQ,1,
0x0040, 0xA385,"直接関係のある他の証拠シーケンス","Pertinent Other Evidence Sequence",SQ,1,
0x0040, 0xA491,"完成フラグ","Completion Flag",CS,1,
0x0040, 0xA492,"完成フラグ記述","Completion Flag Description",LO,1,
0x0040, 0xA493,"確認フラグ","Verification Flag",CS,1,
0x0040, 0xA504,"内容テンプレートシーケンス","Content Template Sequence",SQ,1,
0x0040, 0xA525,"同一文書シーケンス","Identical Documents Sequence",SQ,1,
0x0040, 0xA730,"内容シーケンス","Content Sequence",SQ,1,
0x0040, 0xB020,"注釈シーケンス","Annotation Sequence",SQ,1,
0x0040, 0xDB00,"テンプレート識別子","Template Identifier",CS,1,
0x0040, 0xDB06,"テンプレート版","Template Version",DT,1,
0x0040, 0xDB07,"テンプレートローカル版","Template Local Version",DT,1,
0x0040, 0xDB0B,"テンプレート拡張フラグ","Template Extension Flag",CS,1,
0x0040, 0xDB0C,"テンプレート拡張組識UID","Template Extension Organization UID",UI,1,
0x0040, 0xDB0D,"テンプレート拡張作成者ＵＩＤ","Template Extension Creator UID",UI,1,
0x0040, 0xDB73,"参照内容項目識別子","Referenced Content Item Identifier",UL,1-n,
0x0050, 0x0004,"較正対象","Calibration Image",CS,1,
0x0050, 0x0010,"器具シーケンス","Device Sequence",SQ,1,
0x0050, 0x0014,"器具長さ","Device Length",DS,1,
0x0050, 0x0016,"器具直径","Device Diameter",DS,1,
0x0050, 0x0017,"器具直径の単位","Device Diameter Units",CS,1,
0x0050, 0x0018,"器具容積","Device Volume",DS,1,
0x0050, 0x0019,"内部マーカー距離","Inter-marker Distance",DS,1,
0x0050, 0x0020,"器具記述","Device Description",LO,1,
0x0054, 0x0010,"エネルギウインドウベクトル","Energy Window Vector",US,1-n,
0x0054, 0x0011,"エネルギウインドウの数","Number of Energy Windows",US,1,
0x0054, 0x0012,"エネルギウインドウ情報シーケンス","Energy Window Information Sequence",SQ,1,
0x0054, 0x0013,"エネルギウインドウ範囲シーケンス","Energy Window Range Sequence",SQ,1,
0x0054, 0x0014,"エネルギウインドウ下限","Energy Window Lower Limit",DS,1,
0x0054, 0x0015,"エネルギウインドウ上限","Energy Window Upper Limit",DS,1,
0x0054, 0x0016,"放射性医薬品情報シーケンス","Radiopharmaceutical Information Sequence",SQ,1,
0x0054, 0x0017,"残留注射器カウント","Residual Syringe Counts",IS,1,
0x0054, 0x0018,"エネルギウインドウ名","Energy Window Name",SH,1,
0x0054, 0x0020,"検出器ベクトル","Detector Vector",US,1-n,
0x0054, 0x0021,"検出器の数","Number of Detectors",US,1,
0x0054, 0x0022,"検出器情報シーケンス","Detector Information Sequence",SQ,1,
0x0054, 0x0030,"フェーズベクトル","Phase Vector",US,1-n,
0x0054, 0x0031,"フェーズの数","Number of Phases",US,1,
0x0054, 0x0032,"フェーズ情報シーケンス","Phase Information Sequence",SQ,1,
0x0054, 0x0033,"フェーズの中のフレームの数","Number of Frames in Phase",US,1,
0x0054, 0x0036,"フェーズ遅延","Phase Delay",IS,1,
0x0054, 0x0038,"フレーム間停止","Pause Between Frames",IS,1,
0x0054, 0x0050,"回転ベクトル","Rotation Vector",US,1-n,
0x0054, 0x0051,"回転の数","Number of Rotations",US,1,
0x0054, 0x0052,"回転情報シーケンス","Rotation Information Sequence",SQ,1,
0x0054, 0x0053,"回転の中のフレームの数","Number of Frames in Rotation",US,1,
0x0054, 0x0060,"Ｒ−Ｒ間隔ベクトル","R-R Interval Vector",US,1-n,
0x0054, 0x0061,"Ｒ−Ｒ間隔の数","Number of R-R Intervals",US,1,
0x0054, 0x0062,"ゲート情報シーケンス","Gated Information Sequence",SQ,1,
0x0054, 0x0063,"データ情報シーケンス","Data Information Sequence",SQ,1,
0x0054, 0x0070,"時間スロットベクトル","Time Slot Vector",US,1-n,
0x0054, 0x0071,"時間スロットの数","Number of Time Slots",US,1,
0x0054, 0x0072,"時間スロット情報シーケンス","Time Slot Information Sequence",SQ,1,
0x0054, 0x0073,"時間スロット時間","Time Slot Time",DS,1,
0x0054, 0x0080,"スライスベクトル","Slice Vector",US,1-n,
0x0054, 0x0081,"スライスの数","Number of Slices",US,1,
0x0054, 0x0090,"角度視野ベクトル","Angular View Vector",US,1-n,
0x0054, 0x0100,"時間スライスベクトル","Time Slice Vector",US,1-n,
0x0054, 0x0101,"時間スライスの数","Number of Time Slices",US,1,
0x0054, 0x0200,"開始角度","Start Angle",DS,1,
0x0054, 0x0202,"検出器運動のタイプ","Type of Detector Motion",CS,1,
0x0054, 0x0210,"トリガーベクトル","Trigger Vector",IS,1-n,
0x0054, 0x0211,"フェーズの中のトリガーの数","Number of Triggers in Phase",US,1,
0x0054, 0x0220,"視野コードシーケンス","View Code Sequence",SQ,1,
0x0054, 0x0222,"視野修飾子コードシーケンス","View Modifier Code Sequence",SQ,1,
0x0054, 0x0300,"放射性核種コードシーケンス","Radionuclide Code Sequence",SQ,1,
0x0054, 0x0302,"投与経路コードシーケンス","Administration Route Code Sequence",SQ,1,
0x0054, 0x0304,"放射性医薬品コードシーケンス","Radiopharmaceutical Code Sequence",SQ,1,
0x0054, 0x0306,"較正データシーケンス","Calibration Data Sequence",SQ,1,
0x0054, 0x0308,"エネルギウインドウ番号","Energy Window Number",US,1,
0x0054, 0x0400,"画像ＩＤ","Image ID",SH,1,
0x0054, 0x0410,"患者方向コードシーケンス","Patient Orientation Code Sequence",SQ,1,
0x0054, 0x0412,"患者方向修飾子コードシーケンス","Patient Orientation Modifier Code Sequence",SQ,1,
0x0054, 0x0414,"患者架台関係コードシーケンス","Patient Gantry Relationship Code Sequence",SQ,1,
0x0054, 0x1000,"シリーズタイプ","Series Type",CS,2,
0x0054, 0x1001,"単位","Units",CS,1,
0x0054, 0x1002,"計数源","Counts Source",CS,1,
0x0054, 0x1004,"再投影法","Reprojection Method",CS,1,
0x0054, 0x1100,"ランダム補正法","Randoms Correction Method",CS,1,
0x0054, 0x1101,"吸収補正法","Attenuation Correction Method",LO,1,
0x0054, 0x1102,"減衰補正法","Decay Correction",CS,1,
0x0054, 0x1103,"再構成法","Reconstruction Method",LO,1,
0x0054, 0x1104,"使用検出器線応答","Detector Lines of Response Used",LO,1,
0x0054, 0x1105,"散乱線補正法","Scatter Correction Method",LO,1,
0x0054, 0x1200,"軸方向受容角","Axial Acceptance",DS,1,
0x0054, 0x1201,"軸方向マッシュ","Axial Mash",IS,2,
0x0054, 0x1202,"横断面マッシュ","Transverse Mash",IS,1,
0x0054, 0x1203,"検出器素子寸法","Detector Element Size",DS,2,
0x0054, 0x1210,"同時計数窓幅","Coincidence Window Width",DS,1,
0x0054, 0x1220,"２次計数タイプ","Secondary Counts Type",CS,1-n,
0x0054, 0x1300,"フレーム基準時間","Frame Reference Time",DS,1,
0x0054, 0x1310,"蓄積された１次（即時）計数","Primary Prompts Counts Accumulated",IS,1,
0x0054, 0x1311,"蓄積された２次計数","Secondary Counts Accumulated",IS,1-n,
0x0054, 0x1320,"スライス感度係数","Slice Sensitivity Factor",DS,1,
0x0054, 0x1321,"減衰係数","Decay Factor",DS,1,
0x0054, 0x1322,"線量較正係数","Dose Calibration Factor",DS,1,
0x0054, 0x1323,"散乱割合係数","Scatter Fraction Factor",DS,1,
0x0054, 0x1324,"デッドタイム係数","Dead Time Factor",DS,1,
0x0054, 0x1330,"画像インデックス","Image Index",US,1,
0x0054, 0x1400,"含まれる計数","Counts Included",CS,1-n,
0x0054, 0x1401,"デッドタイム補正フラグ","Dead Time Correction Flag",CS,1,
0x0060, 0x3000,"ヒストグラムシーケンス","Histogram Sequence",SQ,1,
0x0060, 0x3002,"ヒストグラムの束の数","Histogram Number of Bins",US,1,
0x0060, 0x3004,"ヒストグラムの最初の束値","Histogram First Bin Value",US or SS,1,
0x0060, 0x3006,"ヒストグラムの最後の束値","Histogram Last Bin Value",US or SS,1,
0x0060, 0x3008,"ヒストグラム束幅","Histogram Bin Width",US,1,
0x0060, 0x3010,"ヒストグラムの説明","Histogram Explanation",LO,1,
0x0060, 0x3020,"ヒストグラムデータ","Histogram Data",UL,1-n,
0x0070, 0x0001,"図形注釈シーケンス","Graphic Annotation Sequence",SQ,1,
0x0070, 0x0002,"図形層","Graphic Layer",CS,1,
0x0070, 0x0003,"境界ボックス注釈単位","Bounding Box Annotation Units",CS,1,
0x0070, 0x0004,"アンカー点注釈単位","Anchor Point Annotation Units",CS,1,
0x0070, 0x0005,"図形注釈単位","Graphic Annotation Units",CS,1,
0x0070, 0x0006,"書式なしテキスト値","Unformatted Text Value",ST,1,
0x0070, 0x0008,"テキストオブジェクトシーケンス","Text Object Sequence",SQ,1,
0x0070, 0x0009,"図形オブジェクトシーケンス","Graphic Object Sequence",SQ,1,
0x0070, 0x0010,"境界ボックス上左手コーナ","Bounding Box Top Left Hand Corner",FL,2,
0x0070, 0x0011,"境界ボックス下右手コーナ","Bounding Box Bottom Right Hand Corner",FL,2,
0x0070, 0x0012,"境界ボックステキスト水平位置調整","Bounding Box Text Horizontal Justification",CS,1,
0x0070, 0x0014,"アンカー点","Anchor Point",FL,2,
0x0070, 0x0015,"アンカー点可視性","Anchor Point Visibility",CS,1,
0x0070, 0x0020,"図形次元","Graphic Dimensions ",US,1,
0x0070, 0x0021,"図形点の数","Number of Graphic Points",US,1,
0x0070, 0x0022,"図形データ","Graphic Data",FL,2-n,
0x0070, 0x0023,"図形タイプ","Graphic Type",CS,1,
0x0070, 0x0024,"充填図形","Graphic Filled",CS,1,
0x0070, 0x0041,"画像水平フリップ","Image Horizontal Flip",CS,1,
0x0070, 0x0042,"画像回転","Image Rotation ",US,1,
0x0070, 0x0052,"表示領域上左手コーナ","Displayed Area Top Left Hand Corner",SL,2,
0x0070, 0x0053,"表示領域下右手コーナ","Displayed Area Bottom Right Hand Corner",SL,2,
0x0070, 0x005A,"表示領域選択シーケンス","Displayed Area Selection Sequence",SQ,1,
0x0070, 0x0060,"図形層シーケンス","Graphic Layer Sequence",SQ,1,
0x0070, 0x0062,"図形層順序","Graphic Layer Order",IS,1,
0x0070, 0x0066,"図形層推奨グレースケール値","Graphic Layer Recommended Display Grayscale Value",US,1,
0x0070, 0x0067,"図形層推奨表示ＲＧＢ値","Graphic Layer Recommended Display RGB Value",US,3,
0x0070, 0x0068,"図形層記述","Graphic Layer Description",LO,1,
0x0070, 0x0080,"提示ラベル","Presentation Label",CS,1,
0x0070, 0x0081,"提示記述","Presentation Description",LO,1,
0x0070, 0x0082,"提示作成日付","Presentation Creation Date",DA,1,
0x0070, 0x0083,"提示作成時刻","Presentation Creation Time",TM,1,
0x0070, 0x0084,"提示作成者の名前","Presentation Creator's Name",PN,1,
0x0070, 0x0100,"提示寸法モード","Presentation Size Mode",CS,1,
0x0070, 0x0101,"提示画素間隔","Presentation Pixel Spacing",DS,2,
0x0070, 0x0102,"提示画素アスペクト比","Presentation Pixel Aspect Ratio",IS,2,
0x0070, 0x0103,"提示画素拡大率","Presentation Pixel Magnification Ratio",FL,1,
0x0088, 0x0130,"保存媒体ファイル集合ＩＤ","Storage Media File-set ID",SH,1,
0x0088, 0x0140,"保存媒体ファイル集合ＵＩＤ","Storage Media File-set UID",UI,1,
0x0088, 0x0200,"アイコン画像シーケンス","Icon Image Sequence",SQ,1,
0x0088, 0x0904,"トピック名称","Topic Title",LO,1,
0x0088, 0x0906,"トピック主題","Topic Subject",ST,1,
0x0088, 0x0910,"トピック著者","Topic Author",LO,1,
0x0088, 0x0912,"トピックキーワード","Topic Key Words",LO,1-32,
0x0100, 0x0410,"ＳＯＰインスタンス状態","SOP Instance Status",CS,1,
0x0100, 0x0420,"ＳＯＰ許可日時","SOP Authorization Date and Time",DT,1,
0x0100, 0x0424,"ＳＯＰ許可コメント","SOP Authorization Comment",LT,1,
0x0100, 0x0426,"許可装置証明番号","Authorization Equipment Certification Number",LO,1,
0x2000, 0x0010,"コピーの数","Number of Copies",IS,1,
0x2000, 0x001E,"プリンタ構成シーケンス","Printer Configuration Sequence",SQ,1,
0x2000, 0x0020,"プリント優先度","Print Priority",CS,1,
0x2000, 0x0030,"媒体タイプ","Medium Type",CS,1,
0x2000, 0x0040,"フィルム宛先","Film Destination",CS,1,
0x2000, 0x0050,"フィルムセッションラベル","Film Session Label",LO,1,
0x2000, 0x0060,"メモリ割り当て","Memory Allocation",IS,1,
0x2000, 0x0061,"最大メモリ割当て","Maximum Memory Allocation",IS,1,
0x2000, 0x0062,"カラー画像印刷フラグ","Color Image Printing Flag",CS,1,
0x2000, 0x0063,"丁合フラグ","Collation Flag",CS,1,
0x2000, 0x0065,"注釈フラグ","Annotation Flag",CS,1,
0x2000, 0x0067,"画像オーバレイフラグ","Image Overlay Flag",CS,1,
0x2000, 0x0069,"提示ＬＵＴフラグ","Presentation LUT Flag",CS,1,
0x2000, 0x006A,"画像ボックス提示ＬＵＴフラグ","Image Box Presentation LUT Flag",CS,1,
0x2000, 0x00A0,"メモリビット深さ","Memory Bit Depth",US,1,
0x2000, 0x00A1,"プリントビット深さ","Printing Bit Depth",US,1,
0x2000, 0x00A2,"組込媒体シーケンス","Media Installed Sequence",SQ,1,
0x2000, 0x00A4,"他の利用可能な媒体シーケンス","Other Media Available Sequence",SQ,1,
0x2000, 0x00A8,"サポートする画像表示フォーマットシーケンス","Supported Image Display Formats Sequence",SQ,1,
0x2000, 0x0500,"参照フィルムボックスシーケンス","Referenced Film Box Sequence",SQ,1,
0x2000, 0x0510,"参照保存プリントシーケンス","Referenced Stored Print  Sequence",SQ,1,
0x2010, 0x0010,"画像表示フォーマット","Image Display Format",ST,1,
0x2010, 0x0030,"注釈表示フォーマットＩＤ","Annotation Display Format ID",CS,1,
0x2010, 0x0040,"フィルム方向","Film Orientation",CS,1,
0x2010, 0x0050,"フィルムサイズＩＤ","Film Size ID",CS,1,
0x2010, 0x0052,"プリンタ解像度ＩＤ","Printer Resolution ID",CS,1,
0x2010, 0x0054,"デフォルトプリンタ解像度ＩＤ","Default Printer Resolution ID",CS,1,
0x2010, 0x0060,"拡大タイプ","Magnification Type",CS,1,
0x2010, 0x0080,"平滑タイプ","Smoothing Type  ",CS,1,
0x2010, 0x00A6,"デフォルト拡大タイプ","Default Magnification Type",CS,1,
0x2010, 0x00A7,"他の利用可能な拡大タイプ","Other Magnification Types Available",CS,1-n,
0x2010, 0x00A8,"デフォルト平滑化タイプ","Default Smoothing Type",CS,1,
0x2010, 0x00A9,"他の利用可能な平滑化タイプ","Other Smoothing Types Available",CS,1-n,
0x2010, 0x0100,"縁取り濃度","Border Density",CS,1,
0x2010, 0x0110,"空画像濃度","Empty Image Density",CS,1,
0x2010, 0x0120,"最低濃度","Min Density",US,1,
0x2010, 0x0130,"最高濃度","Max Density",US,1,
0x2010, 0x0140,"ふち飾り","Trim",CS,1,
0x2010, 0x0150,"構成情報","Configuration Information",ST,1,
0x2010, 0x0152,"構成情報記述","Configuration Information Description",LT,1,
0x2010, 0x0154,"最大丁合フィルム","Maximum Collated Films",IS,1,
0x2010, 0x015E,"照明","Illumination",US,1,
0x2010, 0x0160,"反射周囲光","Reflected Ambient Light",US,1,
0x2010, 0x0376,"プリンタ画素間隔","Printer Pixel Spacing",DS,2,
0x2010, 0x0500,"参照フィルムセッションシーケンス","Referenced Film Session Sequence",SQ,1,
0x2010, 0x0510,"参照画像ボックスシーケンス","Referenced Image Box Sequence",SQ,1,
0x2010, 0x0520,"参照基本注釈ボックスシーケンス","Referenced Basic Annotation Box Sequence",SQ,1,
0x2020, 0x0010,"画像位置","Image Position",US,1,
0x2020, 0x0020,"極性","Polarity",CS,1,
0x2020, 0x0030,"依頼画像寸法","Requested Image Size",DS,1,
0x2020, 0x0040,"依頼縮小／刈り込み挙動","Requested Decimate/Crop Behavior",CS,1,
0x2020, 0x0050,"依頼解像度ＩＤ","Requested Resolution ID",CS,1,
0x2020, 0x00A0,"依頼画像サイズフラグ","Requested Image Size Flag",CS,1,
0x2020, 0x00A2,"縮小／刈り込み結果","Decimate/Crop Result",CS,1,
0x2020, 0x0110,"基本グレースケール画像シーケンス","Basic Grayscale Image Sequence",SQ,1,
0x2020, 0x0111,"基本カラー画像シーケンス","Basic Color Image Sequence",SQ,1,
0x2020, 0x0130,"","Referenced Image Overlay Box Sequence",SQ,1,RET
0x2020, 0x0140,"","Referenced VOI LUT Box Sequence ",SQ,1,RET
0x2030, 0x0010,"注釈位置","Annotation Position",US,1,
0x2030, 0x0020,"テキスト列","Text String",LO,1,
0x2040, 0x0010,"参照オーバレイ面シーケンス","Referenced Overlay Plane Sequence",SQ,1,
0x2040, 0x0011,"参照オーバレイ面グループ","Referenced Overlay Plane Groups",US,1-99,
0x2040, 0x0020,"オーバレイ画素データシーケンス","Overlay Pixel Data Sequence",SQ,1,
0x2040, 0x0060,"オーバレイ拡大タイプ","Overlay Magnification Type",CS,1,
0x2040, 0x0070,"オーバレイ平滑タイプ","Overlay Smoothing Type",CS,1,
0x2040, 0x0072,"オーバレイまたは画像拡大","Overlay or Image Magnification",CS,1,
0x2040, 0x0074,"拡大後の列の数","Magnify to Number of Columns",US,1,
0x2040, 0x0080,"オーバレイ前面濃度","Overlay Foreground Density",CS,1,
0x2040, 0x0082,"オーバレイ背景濃度","Overlay Background Density",CS,1,
0x2040, 0x0090,"","Overlay Mode",CS,1,RET
0x2040, 0x0100,"","Threshold Density",CS,1,RET
0x2040, 0x0500,"","Referenced Image Box Sequence",SQ,1,RET
0x2050, 0x0010,"提示ＬＵＴシーケンス","Presentation LUT Sequence",SQ,1,
0x2050, 0x0020,"提示ＬＵＴ形状","Presentation LUT Shape",CS,1,
0x2050, 0x0500,"参照提示ＬＵＴシーケンス","Referenced Presentation  LUT Sequence",SQ,1,
0x2100, 0x0010,"プリントジョブＩＤ","Print Job ID",SH,1,
0x2100, 0x0020,"実行状態","Execution Status",CS,1,
0x2100, 0x0030,"実行状態情報","Execution Status Info",CS,1,
0x2100, 0x0040,"作成日付","Creation Date",DA,1,
0x2100, 0x0050,"作成時刻","Creation Time",TM,1,
0x2100, 0x0070,"発行元","Originator",AE,1,
0x2100, 0x0140,"出力先ＡＥ","Destination AE",AE,1,
0x2100, 0x0160,"所有者ＩＤ","Owner ID",SH,1,
0x2100, 0x0170,"フィルムの数","Number of Films",IS,1,
0x2100, 0x0500,"参照プリントジョブシーケンス","Referenced Print Job Sequence",SQ,1,
0x2110, 0x0010,"プリンタ状態","Printer Status",CS,1,
0x2110, 0x0020,"プリンタ状態情報","Printer Status Info",CS,1,
0x2110, 0x0030,"プリンタ名","Printer Name",LO,1,
0x2110, 0x0099,"プリントキューＩＤ","Print Queue ID",SH,1,
0x2120, 0x0010,"キュー状態","Queue Status",CS,1,
0x2120, 0x0050,"プリントジョブ記述シーケンス","Print Job Description Sequence",SQ,1,
0x2120, 0x0070,"参照プリントジョブシーケンス","Referenced Print Job Sequence",SQ,1,
0x2130, 0x0010,"プリント管理能力シーケンス","Print Management Capabilities Sequence",SQ,1,
0x2130, 0x0015,"プリンタ特性シーケンス","Printer Characteristics Sequence",SQ,1,
0x2130, 0x0030,"フィルムボックス内容シーケンス","Film Box Content Sequence",SQ,1,
0x2130, 0x0040,"画像ボックス内容シーケンス","Image Box Content Sequence",SQ,1,
0x2130, 0x0050,"注釈内容シーケンス","Annotation Content Sequence",SQ,1,
0x2130, 0x0060,"画像オーバレイボックス内容シーケンス","Image Overlay Box Content Sequence",SQ,1,
0x2130, 0x0080,"提示ＬＵＴ内容シーケンス","Presentation LUT Content Sequence",SQ,1,
0x2130, 0x00A0,"提案検査シーケンス","Proposed Study Sequence",SQ,1,
0x2130, 0x00C0,"オリジナル画像シーケンス","Original Image Sequence",SQ,1,
0x3002, 0x0002,"ＲＴ画像ラベル","RT Image Label",SH,1,
0x3002, 0x0003,"ＲＴ画像名","RT Image Name",LO,1,
0x3002, 0x0004,"ＲＴ画像記述","RT Image Description",ST,1,
0x3002, 0x000A,"報告値起源","Reported Values Origin",CS,1,
0x3002, 0x000C,"ＲＴ画像面","RT Image Plane",CS,1,
0x3002, 0x000D,"Ｘ線画像受像器並進","X-Ray Image Receptor Translation",DS,3,
0x3002, 0x000E,"Ｘ線画像受像器角度","X-Ray Image Receptor Angle",DS,1,
0x3002, 0x0010,"ＲＴ画像方向","RT Image Orientation",DS,6,
0x3002, 0x0011,"画像面画素間隔","Image Plane Pixel Spacing",DS,2,
0x3002, 0x0012,"ＲＴ画像位置","RT Image Position",DS,2,
0x3002, 0x0020,"放射線装置名","Radiation Machine Name",SH,1,
0x3002, 0x0022,"放射線装置ＳＡＤ","Radiation Machine SAD",DS,1,
0x3002, 0x0024,"放射線装置ＳＳＤ","Radiation Machine SSD",DS,1,
0x3002, 0x0026,"ＲＴ画像ＳＩＤ","RT Image SID",DS,1,
0x3002, 0x0028,"線源基準オブジェクト間距離","Source to Reference Object Distance",DS,1,
0x3002, 0x0029,"分割番号","Fraction Number",IS,1,
0x3002, 0x0030,"照射シーケンス","Exposure Sequence",SQ,1,
0x3002, 0x0032,"メーターセット照射","Meterset Exposure",DS,1,
0x3004, 0x0001,"ＤＶＨタイプ","DVH Type",CS,1,
0x3004, 0x0002,"線量単位","Dose Units",CS,1,
0x3004, 0x0004,"線量タイプ","Dose Type",CS,1,
0x3004, 0x0006,"線量コメント","Dose Comment",LO,1,
0x3004, 0x0008,"正規化点","Normalization Point",DS,3,
0x3004, 0x000A,"線量加算タイプ","Dose Summation Type",CS,1,
0x3004, 0x000C,"格子フレームオフセットベクトル","Grid Frame Offset Vector",DS,2-n,
0x3004, 0x000E,"線量格子スケーリング","Dose Grid Scaling",DS,1,
0x3004, 0x0010,"ＲＴ線量ＲＯＩシーケンス","RT Dose ROI Sequence",SQ,1,
0x3004, 0x0012,"線量値","Dose Value",DS,1,
0x3004, 0x0040,"ＤＶＨ正規化点","DVH Normalization Point",DS,3,
0x3004, 0x0042,"ＤＶＨ正規化線量値","DVH Normalization Dose Value",DS,1,
0x3004, 0x0050,"ＤＶＨシーケンス","DVH Sequence",SQ,1,
0x3004, 0x0052,"ＤＶＨ線量スケーリング","DVH Dose Scaling",DS,1,
0x3004, 0x0054,"ＤＶＨ体積単位","DVH Volume Units",CS,1,
0x3004, 0x0056,"ＤＶＨ区切りの数","DVH Number of Bins",IS,1,
0x3004, 0x0058,"ＤＶＨデータ","DVH Data",DS,2-2n,
0x3004, 0x0060,"ＤＶＨ参照ＲＯＩシーケンス","DVH Referenced ROI Sequence",SQ,1,
0x3004, 0x0062,"ＤＶＨＲＯＩ寄与タイプ","DVH ROI Contribution Type",CS,1,
0x3004, 0x0070,"ＤＶＨ最小線量","DVH Minimum Dose",DS,1,
0x3004, 0x0072,"ＤＶＨ最大線量","DVH Maximum Dose",DS,1,
0x3004, 0x0074,"ＤＶＨ平均線量","DVH Mean Dose",DS,1,
0x3006, 0x0002,"構造集合ラベル","Structure Set Label",SH,1,
0x3006, 0x0004,"構造集合名","Structure Set Name",LO,1,
0x3006, 0x0006,"構造集合記述","Structure Set Description",ST,1,
0x3006, 0x0008,"構造集合日付","Structure Set Date",DA,1,
0x3006, 0x0009,"構造集合時刻","Structure Set Time",TM,1,
0x3006, 0x0010,"参照基準座標系シーケンス","Referenced Frame of Reference Sequence",SQ,1,
0x3006, 0x0012,"ＲＴ参照検査シーケンス","RT Referenced Study Sequence",SQ,1,
0x3006, 0x0014,"ＲＴ参照シリーズシーケンス","RT Referenced Series Sequence",SQ,1,
0x3006, 0x0016,"輪郭画像シーケンス","Contour Image Sequence",SQ,1,
0x3006, 0x0020,"構造集合ＲＯＩシーケンス","Structure Set ROI Sequence",SQ,1,
0x3006, 0x0022,"ＲＯＩ番号","ROI Number",IS,1,
0x3006, 0x0024,"参照基準座標系ＵＩＤ","Referenced Frame of Reference UID",UI,1,
0x3006, 0x0026,"ＲＯＩ名","ROI Name",LO,1,
0x3006, 0x0028,"ＲＯＩ記述","ROI Description",ST,1,
0x3006, 0x002A,"ＲＯＩ表示色","ROI Display Color",IS,3,
0x3006, 0x002C,"ＲＯＩ体積","ROI Volume",DS,1,
0x3006, 0x0030,"ＲＴ関係ＲＯＩシーケンス","RT Related ROI Sequence",SQ,1,
0x3006, 0x0033,"ＲＴ ＲＯＩ関係","RT ROI Relationship",CS,1,
0x3006, 0x0036,"ＲＯＩ作成アルゴリズム","ROI Generation Algorithm",CS,1,
0x3006, 0x0038,"ＲＯＩ作成記述","ROI Generation Description",LO,1,
0x3006, 0x0039,"ＲＯＩ輪郭シーケンス","ROI Contour Sequence",SQ,1,
0x3006, 0x0040,"輪郭シーケンス","Contour Sequence",SQ,1,
0x3006, 0x0042,"輪郭幾何学的タイプ","Contour Geometric Type",CS,1,
0x3006, 0x0044,"輪郭厚板厚さ","Contour Slab Thickness",DS,1,
0x3006, 0x0045,"輪郭オフセットベクトル","Contour Offset Vector",DS,3,
0x3006, 0x0046,"輪郭点の数","Number of Contour Points",IS,1,
0x3006, 0x0048,"輪郭番号","Contour Number",IS,1,
0x3006, 0x0049,"添付輪郭","Attached Contours",IS,1-n,
0x3006, 0x0050,"輪郭データ","Contour Data",DS,3-3n,
0x3006, 0x0080,"ＲＴ ＲＯＩ観察シーケンス","RT ROI Observations Sequence",SQ,1,
0x3006, 0x0082,"観察番号","Observation Number",IS,1,
0x3006, 0x0084,"参照ＲＯＩ番号","Referenced ROI Number",IS,1,
0x3006, 0x0085,"ＲＯＩ観察ラベル","ROI Observation Label",SH,1,
0x3006, 0x0086,"ＲＴ ＲＯＩ識別コードシーケンス","RT ROI Identification Code Sequence",SQ,1,
0x3006, 0x0088,"ＲＯＩ観察記述","ROI Observation Description",ST,1,
0x3006, 0x00A0,"関係ＲＴ ＲＯＩ観察シーケンス","Related RT ROI Observations Sequence",SQ,1,
0x3006, 0x00A4,"ＲＴ ＲＯＩ解釈タイプ","RT ROI Interpreted Type",CS,1,
0x3006, 0x00A6,"ＲＯＩ解釈者","ROI Interpreter",PN,1,
0x3006, 0x00B0,"ＲＯＩ物理的性質シーケンス","ROI Physical Properties Sequence",SQ,1,
0x3006, 0x00B2,"ＲＯＩ物理的性質","ROI Physical Property",CS,1,
0x3006, 0x00B4,"ＲＯＩ物理的性質値","ROI Physical Property Value",DS,1,
0x3006, 0x00C0,"基準座標系関係シーケンス","Frame of Reference Relationship Sequence",SQ,1,
0x3006, 0x00C2,"関係基準座標系ＵＩＤ","Related Frame of Reference UID",UI,1,
0x3006, 0x00C4,"基準座標系変換タイプ","Frame of Reference Transformation Type",CS,1,
0x3006, 0x00C6,"基準座標系変換マトリックス","Frame of Reference Transformation Matrix",DS,16,
0x3006, 0x00C8,"基準座標系変換コメント","Frame of Reference Transformation Comment",LO,1,
0x3008, 0x0010,"測定線量基準シーケンス","Measured Dose Reference Sequence",SQ,1,
0x3008, 0x0012,"測定線量記述","Measured Dose Description",ST,1,
0x3008, 0x0014,"測定線量タイプ","Measured Dose Type",CS,1,
0x3008, 0x0016,"測定線量値","Measured Dose Value",DS,1,
0x3008, 0x0020,"治療セッションビームシーケンス","Treatment Session Beam Sequence",SQ,1,
0x3008, 0x0022,"現在の分割番号","Current Fraction Number",IS,1,
0x3008, 0x0024,"治療制御点日付","Treatment Control Point Date",DA,1,
0x3008, 0x0025,"治療制御点時刻","Treatment Control Point Time",TM,1,
0x3008, 0x002A,"治療終了状態","Treatment Termination Status",CS,1,
0x3008, 0x002B,"治療終了コード","Treatment Termination Code",SH,1,
0x3008, 0x002C,"治療照合状態","Treatment Verification Status",CS,1,
0x3008, 0x0030,"参照治療記録シーケンス","Referenced Treatment Record Sequence",SQ,1,
0x3008, 0x0032,"指定一次メータセット","Specified Primary Meterset ",DS,1,
0x3008, 0x0033,"指定二次メータセット","Specified Secondary Meterset ",DS,1,
0x3008, 0x0036,"放射済一次メータセット","Delivered Primary Meterset ",DS,1,
0x3008, 0x0037,"放射済二次メータセット","Delivered Secondary Meterset ",DS,1,
0x3008, 0x003A,"指定治療時間","Specified Treatment Time",DS,1,
0x3008, 0x003B,"放射済治療時間","Delivered Treatment Time",DS,1,
0x3008, 0x0040,"制御点放射シーケンス","Control Point Delivery Sequence",SQ,1,
0x3008, 0x0042,"指定メーターセット","Specified Meterset",DS,1,
0x3008, 0x0044,"放射済メーターセット","Delivered Meterset",DS,1,
0x3008, 0x0048,"放射した線量率","Dose Rate Delivered",DS,1,
0x3008, 0x0050,"治療要約計算線量基準シーケンス","Treatment Summary Calculated Dose Reference Sequence",SQ,1,
0x3008, 0x0052,"線量基準への蓄積線量","Cumulative Dose to Dose Reference",DS,1,
0x3008, 0x0054,"最初の治療日付","First Treatment Date",DA,1,
0x3008, 0x0056,"最近の治療日付","Most Recent Treatment Date",DA,1,
0x3008, 0x005A,"放射した分割の数","Number of Fractions Delivered",IS,1,
0x3008, 0x0060,"無効化シーケンス","Override Sequence",SQ,1,
0x3008, 0x0062,"無効化パラメタポインタ","Override Parameter Pointer",AT,1,
0x3008, 0x0064,"測定線量基準番号","Measured Dose Reference Number",IS,1,
0x3008, 0x0066,"無効化理由","Override Reason",ST,1,
0x3008, 0x0070,"計算線量基準シーケンス","Calculated Dose Reference Sequence",SQ,1,
0x3008, 0x0072,"計算線量基準番号","Calculated Dose Reference Number",IS,1,
0x3008, 0x0074,"計算線量基準記述","Calculated Dose Reference Description",ST,1,
0x3008, 0x0076,"計算線量基準線量値","Calculated Dose Reference Dose Value",DS,1,
0x3008, 0x0078,"開始メーターセット","Start Meterset",DS,1,
0x3008, 0x007A,"終了メーターセット","End Meterset",DS,1,
0x3008, 0x0080,"参照測定線量基準シーケンス","Referenced Measured Dose Reference Sequence",SQ,1,
0x3008, 0x0082,"参照測定線量基準番号","Referenced Measured Dose Reference Number",IS,1,
0x3008, 0x0090,"参照計算線量基準シーケンス","Referenced Calculated Dose Reference Sequence",SQ,1,
0x3008, 0x0092,"参照計算線量基準番号","Referenced Calculated Dose Reference Number",IS,1,
0x3008, 0x00A0,"ビーム制限装置リーフ対シーケンス","Beam Limiting Device Leaf Pairs Sequence",SQ,1,
0x3008, 0x00B0,"記録ウェッジシーケンス","Recorded Wedge Sequence",SQ,1,
0x3008, 0x00C0,"記録補償フィルターシーケンス","Recorded Compensator Sequence",SQ,1,
0x3008, 0x00D0,"記録ブロックシーケンス ","Recorded Block Sequence",SQ,1,
0x3008, 0x00E0,"治療要約測定線量基準シーケンス","Treatment Summary Measured Dose Reference Sequence",SQ,1,
0x3008, 0x0100,"記録線源シーケンス","Recorded Source Sequence",SQ,1,
0x3008, 0x0105,"線源シリアル番号","Source Serial Number",LO,1,
0x3008, 0x0110,"治療セッション応用配置シーケンス","Treatment Session Application Setup Sequence",SQ,1,
0x3008, 0x0116,"応用配置検査 ","Application Setup Check",CS,1,
0x3008, 0x0120,"記録近接照射付属装置シーケンス","Recorded Brachy Accessory Device Sequence",SQ,1,
0x3008, 0x0122,"参照近接照射付属装置番号","Referenced Brachy Accessory Device Number",IS,1,
0x3008, 0x0130,"記録チャネルシーケンス","Recorded Channel Sequence",SQ,1,
0x3008, 0x0132,"指定チャネル総時間","Specified Channel Total Time",DS,1,
0x3008, 0x0134,"放射チャネル総時間","Delivered Channel Total Time",DS,1,
0x3008, 0x0136,"パルスの指定数","Specified Number of Pulses",IS,1,
0x3008, 0x0138,"パルスの放射数","Delivered Number of Pulses",IS,1,
0x3008, 0x013A,"指定パルス繰り返し間隔","Specified Pulse Repetition Interval",DS,1,
0x3008, 0x013C,"放射パルス繰り返し間隔","Delivered Pulse Repetition Interval",DS,1,
0x3008, 0x0140,"記録線源アプリケータシーケンス","Recorded Source Applicator Sequence",SQ,1,
0x3008, 0x0142,"参照線源アプリケータ番号","Referenced Source Applicator Number",IS,1,
0x3008, 0x0150,"記録チャネルシールドシーケンス","Recorded Channel Shield Sequence",SQ,1,
0x3008, 0x0152,"参照チャネルシールド番号","Referenced Channel Shield Number",IS,1,
0x3008, 0x0160,"近接照射制御点放射シーケンス","Brachy Control Point Delivered Sequence",SQ,1,
0x3008, 0x0162,"安全位置送出日付","Safe Position Exit Date",DA,1,
0x3008, 0x0164,"安全位置送出時刻","Safe Position Exit Time",TM,1,
0x3008, 0x0166,"安全位置帰還日付","Safe Position Return Date",DA,1,
0x3008, 0x0168,"安全位置帰還時刻","Safe Position Return Time",TM,1,
0x3008, 0x0200,"現在の治療状態","Current Treatment Status",CS,1,
0x3008, 0x0202,"治療状態のコメント","Treatment Status Comment",ST,1,
0x3008, 0x0220,"分割グループ要約シーケンス","Fraction Group Summary Sequence",SQ,1,
0x3008, 0x0223,"参照分割グループ番号","Referenced Fraction Number",IS,1,
0x3008, 0x0224,"分割グループタイプ","Fraction Group Type",CS,1,
0x3008, 0x0230,"ビームストッパ位置","Beam Stopper Position",CS,1,
0x3008, 0x0240,"分割状態要約シーケンス","Fraction Status Summary Sequence",SQ,1,
0x3008, 0x0250,"治療日付","Treatment Date",DA,1,
0x3008, 0x0251,"治療時刻","Treatment Time",TM,1,
0x300A, 0x0002,"ＲＴ計画ラベル","RT Plan Label",SH,1,
0x300A, 0x0003,"ＲＴ計画名","RT Plan Name",LO,1,
0x300A, 0x0004,"ＲＴ計画記述","RT Plan Description",ST,1,
0x300A, 0x0006,"ＲＴ計画日付","RT Plan Date",DA,1,
0x300A, 0x0007,"ＲＴ計画時刻","RT Plan Time",TM,1,
0x300A, 0x0009,"治療プロトコル","Treatment Protocols",LO,1-n,
0x300A, 0x000A,"治療意図","Treatment Intent",CS,1,
0x300A, 0x000B,"治療部位","Treatment Sites",LO,1-n,
0x300A, 0x000C,"ＲＴ計画幾何学","RT Plan Geometry",CS,1,
0x300A, 0x000E,"処方記述","Prescription Description",ST,1,
0x300A, 0x0010,"線量基準シーケンス","Dose Reference Sequence",SQ,1,
0x300A, 0x0012,"線量基準番号","Dose Reference Number",IS,1,
0x300A, 0x0014,"線量基準構造タイプ","Dose Reference Structure Type",CS,1,
0x300A, 0x0015,"公称ビームエネルギ単位","Nominal Beam Energy Unit",CS,1,
0x300A, 0x0016,"線量基準記述","Dose Reference Description",LO,1,
0x300A, 0x0018,"線量基準点座標","Dose Reference Point Coordinates",DS,3,
0x300A, 0x001A,"公称既投与線量","Nominal Prior Dose",DS,1,
0x300A, 0x0020,"線量基準タイプ","Dose Reference Type",CS,1,
0x300A, 0x0021,"制約重量","Constraint Weight",DS,1,
0x300A, 0x0022,"照射警告線量","Delivery Warning Dose",DS,1,
0x300A, 0x0023,"照射最大線量","Delivery Maximum Dose",DS,1,
0x300A, 0x0025,"標的最小線量","Target Minimum Dose",DS,1,
0x300A, 0x0026,"標的処方線量","Target Prescription Dose",DS,1,
0x300A, 0x0027,"標的最大線量","Target Maximum Dose",DS,1,
0x300A, 0x0028,"標的過小線量体積割合","Target Underdose Volume Fraction",DS,1,
0x300A, 0x002A,"高感受性臓器全体積線量","Organ at Risk Full-volume Dose",DS,1,
0x300A, 0x002B,"高感受性臓器限界線量","Organ at Risk Limit Dose",DS,1,
0x300A, 0x002C,"高感受性臓器最大線量","Organ at Risk Maximum Dose",DS,1,
0x300A, 0x002D,"高感受性臓器過大線量体積割合","Organ at Risk Overdose Volume Fraction",DS,1,
0x300A, 0x0040,"許容度表シーケンス","Tolerance Table Sequence",SQ,1,
0x300A, 0x0042,"許容度表番号","Tolerance Table Number",IS,1,
0x300A, 0x0043,"許容度表ラベル","Tolerance Table Label",SH,1,
0x300A, 0x0044,"ガントリ角度許容度","Gantry Angle Tolerance",DS,1,
0x300A, 0x0046,"ビーム限定装置角度許容度","Beam Limiting Device Angle Tolerance",DS,1,
0x300A, 0x0048,"ビーム限定装置許容度シーケンス","Beam Limiting Device Tolerance Sequence",SQ,1,
0x300A, 0x004A,"ビーム限定装置位置許容度","Beam Limiting Device Position Tolerance",DS,1,
0x300A, 0x004C,"患者支持角許容度","Patient Support Angle Tolerance",DS,1,
0x300A, 0x004E,"テーブルトップ偏心角度許容度","Table Top Eccentric Angle Tolerance",DS,1,
0x300A, 0x0051,"テーブルトップ垂直位置許容度","Table Top Vertical Position Tolerance",DS,1,
0x300A, 0x0052,"テーブルトップ縦方向位置許容度","Table Top Longitudinal Position Tolerance",DS,1,
0x300A, 0x0053,"テーブルトップ横方向位置許容度","Table Top Lateral Position Tolerance",DS,1,
0x300A, 0x0055,"ＲＴ計画関係","RT Plan Relationship",CS,1,
0x300A, 0x0070,"分割グループシーケンス","Fraction Group Sequence",SQ,1,
0x300A, 0x0071,"分割グループ番号","Fraction Group Number",IS,1,
0x300A, 0x0078,"計画された分割の数","Number of Fractions Planned",IS,1,
0x300A, 0x0079,"一日当たりの分割の数","Number of Fractions Per Day",IS,1,
0x300A, 0x007A,"繰り返し分割周期の長さ","Repeat Fraction Cycle Length",IS,1,
0x300A, 0x007B,"分割パターン","Fraction Pattern",LT,1,
0x300A, 0x0080,"ビームの数","Number of Beams",IS,1,
0x300A, 0x0082,"ビーム線量仕様点","Beam Dose Specification Point",DS,3,
0x300A, 0x0084,"ビーム線量","Beam Dose",DS,1,
0x300A, 0x0086,"ビームメーターセット","Beam Meterset",DS,1,
0x300A, 0x00A0,"近接照射応用設定の数","Number of Brachy Application Setups",IS,1,
0x300A, 0x00A2,"近接照射応用設定線量仕様","Brachy Application Setup Dose Specification Point",DS,3,
0x300A, 0x00A4,"近接照射応用設定線量","Brachy Application Setup Dose",DS,1,
0x300A, 0x00B0,"ビームシーケンス","Beam Sequence",SQ,1,
0x300A, 0x00B2,"治療装置名","Treatment Machine Name ",SH,1,
0x300A, 0x00B3,"一次線量計単位","Primary Dosimeter Unit",CS,1,
0x300A, 0x00B4,"線源軸間距離","Source-Axis Distance",DS,1,
0x300A, 0x00B6,"ビーム限定装置シーケンス","Beam Limiting Device Sequence",SQ,1,
0x300A, 0x00B8,"ＲＴビーム限定装置タイプ","RT Beam Limiting Device Type",CS,1,
0x300A, 0x00BA,"線源ビーム限定装置間距離","Source to Beam Limiting Device Distance",DS,1,
0x300A, 0x00BC,"リーフ／ジョー対の数","Number of Leaf/Jaw Pairs",IS,1,
0x300A, 0x00BE,"リーフ位置境界","Leaf Position Boundaries",DS,3-n,
0x300A, 0x00C0,"ビーム番号","Beam Number",IS,1,
0x300A, 0x00C2,"ビーム名","Beam Name",LO,1,
0x300A, 0x00C3,"ビーム記述","Beam Description",ST,1,
0x300A, 0x00C4,"ビームタイプ","Beam Type",CS,1,
0x300A, 0x00C6,"放射線タイプ","Radiation Type",CS,1,
0x300A, 0x00C8,"基準画像番号","Reference Image Number",IS,1,
0x300A, 0x00CA,"計画照合画像シーケンス","Planned Verification Image Sequence",SQ,1,
0x300A, 0x00CC,"画像装置特有収集パラメタ","Imaging Device-Specific Acquisition Parameters",LO,1-n,
0x300A, 0x00CE,"治療照射タイプ","Treatment Delivery Type",CS,1,
0x300A, 0x00D0,"ウェッジの数","Number of Wedges",IS,1,
0x300A, 0x00D1,"ウェッジシーケンス","Wedge Sequence",SQ,1,
0x300A, 0x00D2,"ウェッジ番号","Wedge Number",IS,1,
0x300A, 0x00D3,"ウェッジタイプ","Wedge Type",CS,1,
0x300A, 0x00D4,"ウェッジＩＤ","Wedge ID",SH,1,
0x300A, 0x00D5,"ウェッジ角度","Wedge Angle",IS,1,
0x300A, 0x00D6,"ウェッジ係数","Wedge Factor",DS,1,
0x300A, 0x00D8,"ウェッジ方向","Wedge Orientation",DS,1,
0x300A, 0x00DA,"線源ウェッジトレイ間距離","Source to Wedge Tray Distance",DS,1,
0x300A, 0x00E0,"補償フィルタの数","Number of Compensators",IS,1,
0x300A, 0x00E1,"材質ＩＤ","Material ID",SH,1,
0x300A, 0x00E2,"全補償フィルタトレイ係数","Total Compensator Tray Factor",DS,1,
0x300A, 0x00E3,"補償フィルタシーケンス","Compensator Sequence",SQ,1,
0x300A, 0x00E4,"補償フィルタ番号","Compensator Number",IS,1,
0x300A, 0x00E5,"補償フィルタＩＤ","Compensator ID",SH,1,
0x300A, 0x00E6,"線源補償フィルタトレイ間距離","Source to Compensator Tray Distance",DS,1,
0x300A, 0x00E7,"補償フィルタ行","Compensator Rows",IS,1,
0x300A, 0x00E8,"補償フィルタ列","Compensator Columns",IS,1,
0x300A, 0x00E9,"補償フィルタ画素間隔","Compensator Pixel Spacing",DS,2,
0x300A, 0x00EA,"補償フィルタ位置","Compensator Position",DS,2,
0x300A, 0x00EB,"補償フィルタ透過データ","Compensator Transmission Data",DS,1-n,
0x300A, 0x00EC,"補償フィルタ厚さデータ","Compensator Thickness Data",DS,1-n,
0x300A, 0x00ED,"ボーラスの数","Number of Boli",IS,1,
0x300A, 0x00EE,"補償フィルタタイプ","Compensator Type",CS,1,
0x300A, 0x00F0,"ブロックの数","Number of Blocks",IS,1,
0x300A, 0x00F2,"全ブロックトレイ係数","Total Block Tray Factor",DS,1,
0x300A, 0x00F4,"ブロックシーケンス","Block Sequence",SQ,1,
0x300A, 0x00F5,"ブロックトレイＩＤ","Block Tray ID",SH,1,
0x300A, 0x00F6,"線源ブロックトレイ間距離","Source to Block Tray Distance",DS,1,
0x300A, 0x00F8,"ブロックタイプ","Block Type",CS,1,
0x300A, 0x00FA,"ブロックの広がり","Block Divergence",CS,1,
0x300A, 0x00FC,"ブロック番号","Block Number",IS,1,
0x300A, 0x00FE,"ブロック名","Block Name",LO,1,
0x300A, 0x0100,"ブロック厚さ","Block Thickness",DS,1,
0x300A, 0x0102,"ブロック透過","Block Transmission",DS,1,
0x300A, 0x0104,"ブロック点の数","Block Number of Points",IS,1,
0x300A, 0x0106,"ブロックデータ","Block Data",DS,2-2n,
0x300A, 0x0107,"アプリケータシーケンス","Applicator Sequence",SQ,1,
0x300A, 0x0108,"アプリケータＩＤ","Applicator ID",SH,1,
0x300A, 0x0109,"アプリケータタイプ","Applicator Type",CS,1,
0x300A, 0x010A,"アプリケータ記述","Applicator Description",LO,1,
0x300A, 0x010C,"蓄積線量基準係数","Cumulative Dose Reference Coefficient",DS,1,
0x300A, 0x010E,"最終蓄積メーターセット重み","Final Cumulative Meterset Weight",DS,1,
0x300A, 0x0110,"制御点の数","Number of Control Points",IS,1,
0x300A, 0x0111,"制御点シーケンス","Control Point Sequence",SQ,1,
0x300A, 0x0112,"制御点インデックス","Control Point Index",IS,1,
0x300A, 0x0114,"公称ビームエネルギ","Nominal Beam Energy",DS,1,
0x300A, 0x0115,"設定線量率","Dose Rate Set",DS,1,
0x300A, 0x0116,"ウェッジ位置シーケンス","Wedge Position Sequence",SQ,1,
0x300A, 0x0118,"ウェッジ位置","Wedge Position",CS,1,
0x300A, 0x011A,"ビーム限定装置位置シーケンス","Beam Limiting Device Position Sequence",SQ,1,
0x300A, 0x011C,"リーフ／ジョー位置","Leaf/Jaw Positions",DS,2-2n,
0x300A, 0x011E,"ガントリ角","Gantry Angle",DS,1,
0x300A, 0x011F,"ガントリ回転方向","Gantry Rotation Direction",CS,1,
0x300A, 0x0120,"ビーム限定装置角度","Beam Limiting Device Angle",DS,1,
0x300A, 0x0121,"ビーム限定装置回転方向","Beam Limiting Device Rotation Direction",CS,1,
0x300A, 0x0122,"患者支持器角度","Patient Support Angle",DS,1,
0x300A, 0x0123,"患者支持器回転方向","Patient Support Rotation Direction",CS,1,
0x300A, 0x0124,"テーブルトップ偏心軸距離","Table Top Eccentric Axis Distance",DS,1,
0x300A, 0x0125,"テーブルトップ偏心角度","Table Top Eccentric Angle",DS,1,
0x300A, 0x0126,"テーブルトップ偏心回転方向","Table Top Eccentric Rotation Direction",CS,1,
0x300A, 0x0128,"テーブルトップ垂直位置","Table Top Vertical Position",DS,1,
0x300A, 0x0129,"テーブルトップ縦方向位置","Table Top Longitudinal Position",DS,1,
0x300A, 0x012A,"テーブルトップ横方向位置","Table Top Lateral Position",DS,1,
0x300A, 0x012C,"アイソセンター位置","Isocenter Position",DS,3,
0x300A, 0x012E,"表面入力点","Surface Entry Point",DS,3,
0x300A, 0x0130,"線源表面間距離","Source to Surface Distance",DS,1,
0x300A, 0x0134,"蓄積メーターセット重み","Cumulative Meterset Weight",DS,1,
0x300A, 0x0180,"患者設定シーケンス","Patient Setup Sequence",SQ,1,
0x300A, 0x0182,"患者設定番号","Patient Setup Number",IS,1,
0x300A, 0x0184,"患者追加位置","Patient Additional Position",LO,1,
0x300A, 0x0190,"固定装置シーケンス","Fixation Device Sequence",SQ,1,
0x300A, 0x0192,"固定装置タイプ","Fixation Device Type",CS,1,
0x300A, 0x0194,"固定装置ラベル","Fixation Device Label",SH,1,
0x300A, 0x0196,"固定装置記述","Fixation Device Description",ST,1,
0x300A, 0x0198,"固定装置位置","Fixation Device Position",SH,1,
0x300A, 0x01A0,"遮蔽装置シーケンス","Shielding Device Sequence",SQ,1,
0x300A, 0x01A2,"遮蔽装置タイプ","Shielding Device Type",CS,1,
0x300A, 0x01A4,"遮蔽装置ラベル","Shielding Device Label",SH,1,
0x300A, 0x01A6,"遮蔽装置記述","Shielding Device Description",ST,1,
0x300A, 0x01A8,"遮蔽装置位置","Shielding Device Position",SH,1,
0x300A, 0x01B0,"設定技術","Setup Technique",CS,1,
0x300A, 0x01B2,"設定技術記述","Setup Technique Description",ST,1,
0x300A, 0x01B4,"設定装置シーケンス","Setup Device Sequence",SQ,1,
0x300A, 0x01B6,"設定装置タイプ","Setup Device Type",CS,1,
0x300A, 0x01B8,"設定装置ラベル","Setup Device Label",SH,1,
0x300A, 0x01BA,"設定装置記述","Setup Device Description",ST,1,
0x300A, 0x01BC,"設定装置パラメタ","Setup Device Parameter",DS,1,
0x300A, 0x01D0,"設定参照記述","Setup Reference Description",ST,1,
0x300A, 0x01D2,"テーブルトップ設定垂直方向移動量","Table Top Vertical Setup Displacement",DS,1,
0x300A, 0x01D4,"テーブルトップ設定縦方向移動量","Table Top Longitudinal Setup Displacement",DS,1,
0x300A, 0x01D6,"テーブルトップ横方設定向移動量","Table Top Lateral Setup Displacement",DS,1,
0x300A, 0x0200,"近接照射治療技術","Brachy Treatment Technique",CS,1,
0x300A, 0x0202,"近接照射治療タイプ","Brachy Treatment Type",CS,1,
0x300A, 0x0206,"治療装置シーケンス","Treatment Machine Sequence",SQ,1,
0x300A, 0x0210,"線源シーケンス","Source Sequence",SQ,1,
0x300A, 0x0212,"線源番号","Source Number",IS,1,
0x300A, 0x0214,"線源タイプ","Source Type",CS,1,
0x300A, 0x0216,"線源製造者","Source Manufacturer",LO,1,
0x300A, 0x0218,"有効線源直径","Active Source Diameter",DS,1,
0x300A, 0x021A,"有効線源長さ","Active Source Length",DS,1,
0x300A, 0x0222,"線源封入公称厚さ","Source Encapsulation Nominal Thickness",DS,1,
0x300A, 0x0224,"線源封入公称透過","Source Encapsulation Nominal Transmission",DS,1,
0x300A, 0x0226,"線源同位元素名","Source Isotope Name",LO,1,
0x300A, 0x0228,"線源同位元素半減期","Source Isotope Half Life",DS,1,
0x300A, 0x022A,"基準空気カーマ率","Reference Air Kerma Rate",DS,1,
0x300A, 0x022C,"空気カーマ率基準日付","Air Kerma Rate Reference Date",DA,1,
0x300A, 0x022E,"空気カーマ率基準時刻","Air Kerma Rate Reference Time",TM,1,
0x300A, 0x0230,"応用設定シーケンス","Application Setup Sequence",SQ,1,
0x300A, 0x0232,"応用設定タイプ","Application Setup Type",CS,1,
0x300A, 0x0234,"応用設定番号","Application Setup Number",IS,1,
0x300A, 0x0236,"応用設定名","Application Setup Name",LO,1,
0x300A, 0x0238,"応用設定製造者","Application Setup Manufacturer",LO,1,
0x300A, 0x0240,"テンプレート番号","Template Number",IS,1,
0x300A, 0x0242,"テンプレートタイプ","Template Type",SH,1,
0x300A, 0x0244,"テンプレート名","Template Name",LO,1,
0x300A, 0x0250,"全基準空気カーマ","Total Reference Air Kerma",DS,1,
0x300A, 0x0260,"近接照射付属装置シーケンス","Brachy Accessory Device Sequence",SQ,1,
0x300A, 0x0262,"近接照射付属装置番号","Brachy Accessory Device Number",IS,1,
0x300A, 0x0263,"近接照射付属装置ＩＤ","Brachy Accessory Device ID",SH,1,
0x300A, 0x0264,"近接照射付属装置タイプ","Brachy Accessory Device Type",CS,1,
0x300A, 0x0266,"近接照射付属装置名","Brachy Accessory Device Name",LO,1,
0x300A, 0x026A,"近接照射付属装置公称厚さ","Brachy Accessory Device Nominal Thickness",DS,1,
0x300A, 0x026C,"近接照射付属装置公称透過","Brachy Accessory Device Nominal Transmission",DS,1,
0x300A, 0x0280,"チャネルシーケンス","Channel Sequence",SQ,1,
0x300A, 0x0282,"チャネル番号","Channel Number",IS,1,
0x300A, 0x0284,"チャネル長さ","Channel Length",DS,1,
0x300A, 0x0286,"チャネル全時間","Channel Total Time",DS,1,
0x300A, 0x0288,"線源移動タイプ","Source Movement Type",CS,1,
0x300A, 0x028A,"パルスの数","Number of Pulses",IS,1,
0x300A, 0x028C,"パルス繰返し間隔","Pulse Repetition Interval",DS,1,
0x300A, 0x0290,"線源アプリケータ番号","Source Applicator Number",IS,1,
0x300A, 0x0291,"線源アプリケータＩＤ","Source Applicator ID",SH,1,
0x300A, 0x0292,"線源アプリケータタイプ","Source Applicator Type",CS,1,
0x300A, 0x0294,"線源アプリケータ名","Source Applicator Name",LO,1,
0x300A, 0x0296,"線源アプリケータ長さ","Source Applicator Length",DS,1,
0x300A, 0x0298,"線源アプリケータ製造者","Source Applicator Manufacturer",LO,1,
0x300A, 0x029C,"線源アプリケータ壁公称厚さ","Source Applicator Wall Nominal Thickness",DS,1,
0x300A, 0x029E,"線源アプリケータ壁公称透過","Source Applicator Wall Nominal Transmission",DS,1,
0x300A, 0x02A0,"線源アプリケータステップ寸法","Source Applicator Step Size",DS,1,
0x300A, 0x02A2,"転送管番号","Transfer Tube Number",IS,1,
0x300A, 0x02A4,"転送管長さ","Transfer Tube Length",DS,1,
0x300A, 0x02B0,"チャネル遮蔽シーケンス","Channel Shield Sequence",SQ,1,
0x300A, 0x02B2,"チャネル遮蔽番号","Channel Shield Number",IS,1,
0x300A, 0x02B3,"チャネル遮蔽ＩＤ","Channel Shield ID",SH,1,
0x300A, 0x02B4,"チャネル遮蔽名","Channel Shield Name",LO,1,
0x300A, 0x02B8,"チャネル遮蔽公称厚さ","Channel Shield Nominal Thickness",DS,1,
0x300A, 0x02BA,"チャネル遮蔽公称透過","Channel Shield Nominal Transmission",DS,1,
0x300A, 0x02C8,"最終蓄積時間重み","Final Cumulative Time Weight",DS,1,
0x300A, 0x02D0,"近接照射制御点シーケンス","Brachy Control Point Sequence",SQ,1,
0x300A, 0x02D2,"制御点相対位置","Control Point Relative Position",DS,1,
0x300A, 0x02D4,"制御点３Ｄ位置","Control Point 3D Position",DS,3,
0x300A, 0x02D6,"蓄積時間重み","Cumulative Time Weight",DS,1,
0x300C, 0x0002,"参照ＲＴ計画シーケンス","Referenced RT Plan Sequence",SQ,1,
0x300C, 0x0004,"参照ビームシーケンス","Referenced Beam Sequence",SQ,1,
0x300C, 0x0006,"参照ビーム番号","Referenced Beam Number",IS,1,
0x300C, 0x0007,"参照基準画像番号","Referenced Reference Image Number",IS,1,
0x300C, 0x0008,"開始蓄積メーターセット重み","Start Cumulative Meterset Weight",DS,1,
0x300C, 0x0009,"終了蓄積メーターセット重み","End Cumulative Meterset Weight",DS,1,
0x300C, 0x000A,"参照近接照射応用設定シーケンス","Referenced Brachy Application Setup Sequence",SQ,1,
0x300C, 0x000C,"参照近接照射応用設定番号","Referenced Brachy Application Setup Number",IS,1,
0x300C, 0x000E,"参照線源番号","Referenced Source Number",IS,1,
0x300C, 0x0020,"参照分割グループシーケンス","Referenced Fraction Group Sequence",SQ,1,
0x300C, 0x0022,"参照分割グループ番号","Referenced Fraction Group Number",IS,1,
0x300C, 0x0040,"参照照合画像シーケンス","Referenced Verification Image Sequence",SQ,1,
0x300C, 0x0042,"参照基準画像シーケンス","Referenced Reference Image Sequence",SQ,1,
0x300C, 0x0050,"参照線量基準シーケンス","Referenced Dose Reference Sequence",SQ,1,
0x300C, 0x0051,"参照線量基準番号","Referenced Dose Reference Number",IS,1,
0x300C, 0x0055,"近接照射参照線量基準シーケンス","Brachy Referenced Dose Reference Sequence",SQ,1,
0x300C, 0x0060,"参照構造集合シーケンス","Referenced Structure Set Sequence",SQ,1,
0x300C, 0x006A,"参照患者設定番号","Referenced Patient Setup Number",IS,1,
0x300C, 0x0080,"参照線量シーケンス","Referenced Dose Sequence",SQ,1,
0x300C, 0x00A0,"参照許容度表番号","Referenced Tolerance Table Number",IS,1,
0x300C, 0x00B0,"参照ボーラスシーケンス","Referenced Bolus Sequence",SQ,1,
0x300C, 0x00C0,"参照ウェッジ番号","Referenced Wedge Number",IS,1,
0x300C, 0x00D0,"参照補償フィルタ番号","Referenced Compensator Number",IS,1,
0x300C, 0x00E0,"参照ブロック番号","Referenced Block Number",IS,1,
0x300C, 0x00F0,"参照制御点インデックス","Referenced Control Point Index",IS,1,
0x300E, 0x0002,"承認状態","Approval Status",CS,1,
0x300E, 0x0004,"校閲日付","Review Date",DA,1,
0x300E, 0x0005,"校閲時刻","Review Time",TM,1,
0x300E, 0x0008,"校閲者名","Reviewer Name",PN,1,
0x4000, 0x0010,"","Arbitrary",,,RET
0x4000, 0x4000,"","Comments",,,RET
0x4008, 0x0040,"結果ＩＤ","Results ID",SH,1,
0x4008, 0x0042,"結果ＩＤ発行者","Results ID Issuer",LO,1,
0x4008, 0x0050,"参照解釈シーケンス","Referenced Interpretation Sequence",SQ,1,
0x4008, 0x0100,"解釈記録日付","Interpretation Recorded Date",DA,1,
0x4008, 0x0101,"解釈記録時刻","Interpretation Recorded Time",TM,1,
0x4008, 0x0102,"解釈記録者","Interpretation Recorder",PN,1,
0x4008, 0x0103,"録音された音声への参照","Reference to Recorded Sound",LO,1,
0x4008, 0x0108,"解釈転写日付","Interpretation Transcription Date",DA,1,
0x4008, 0x0109,"解釈転写時刻","Interpretation Transcription Time",TM,1,
0x4008, 0x010A,"解釈転写者","Interpretation Transcriber",PN,1,
0x4008, 0x010B,"解釈テキスト","Interpretation Text",ST,1,
0x4008, 0x010C,"解釈作成者","Interpretation Author",PN,1,
0x4008, 0x0111,"解釈承認者シーケンス","Interpretation Approver Sequence",SQ,1,
0x4008, 0x0112,"解釈承認日付","Interpretation Approval Date",DA,1,
0x4008, 0x0113,"解釈承認時刻","Interpretation Approval Time",TM,1,
0x4008, 0x0114,"解釈承認医師","Physician Approving Interpretation",PN,1,
0x4008, 0x0115,"解釈診断記述","Interpretation Diagnosis Description",LT,1,
0x4008, 0x0117,"解釈診断コードシーケンス","Interpretation Diagnosis Code Sequence",SQ,1,
0x4008, 0x0118,"結果配布先リストシーケンス","Results Distribution List Sequence",SQ,1,
0x4008, 0x0119,"配布先名前","Distribution Name",PN,1,
0x4008, 0x011A,"配布先住所","Distribution Address",LO,1,
0x4008, 0x0200,"解釈ＩＤ","Interpretation ID",SH,1,
0x4008, 0x0202,"解釈ＩＤ発行者","Interpretation ID Issuer",LO,1,
0x4008, 0x0210,"解釈タイプＩＤ","Interpretation Type ID",CS,1,
0x4008, 0x0212,"解釈状態ＩＤ","Interpretation Status ID",CS,1,
0x4008, 0x0300,"印象","Impressions",ST,1,
0x4008, 0x4000,"結果コメント","Results Comments",ST,1 ,
0x50xx, 0x0005,"カーブ定義","Curve Dimensions ",US,1,
0x50xx, 0x0010,"点の数","Number of Points ",US,1,
0x50xx, 0x0020,"データのタイプ","Type of Data",CS,1,
0x50xx, 0x0022,"カーブ記述","Curve Description",LO,1,
0x50xx, 0x0030,"軸単位","Axis Units ",SH,1-n,
0x50xx, 0x0040,"軸ラベル","Axis Labels ",SH,1-n,
0x50xx, 0x0103,"データ値表現","Data Value Representation ",US,1,
0x50xx, 0x0104,"最小座標値","Minimum Coordinate Value ",US,1-n,
0x50xx, 0x0105,"最大座標値","Maximum Coordinate Value ",US,1-n,
0x50xx, 0x0106,"カーブ範囲","Curve Range",SH,1-n,
0x50xx, 0x0110,"カーブデータ記述子","Curve Data Descriptor",US,1-n,
0x50xx, 0x0112,"座標開始値","Coordinate Start Value",US,1,
0x50xx, 0x0114,"座標間隔値","Coordinate Step Value",US,1,
0x50xx, 0x1001,"カーブ活性化層","Curve Activation Layer ",CS,1,
0x50xx, 0x2000,"オーディオタイプ","Audio Type",US,1,
0x50xx, 0x2002,"オーディオサンプルフォーマット","Audio Sample Format",US,1,
0x50xx, 0x2004,"チャネルの数","Number of Channels",US,1,
0x50xx, 0x2006,"サンプルの数","Number of Samples",UL,1,
0x50xx, 0x2008,"サンプル率","Sample Rate",UL,1,
0x50xx, 0x200A,"総時間","Total Time",UL,1,
0x50xx, 0x200C,"オーディオサンプルデータ","Audio Sample Data",OW or OB,1,
0x50xx, 0x200E,"オーディオコメント","Audio Comments",LT,1 ,
0x50xx, 0x2500,"カーブラベル","Curve Label",LO,1,
0x50xx, 0x2600,"参照オーバレイシーケンス","Referenced Overlay Sequence",SQ,1,
0x50xx, 0x2610,"参照オーバレイグループ","Referenced Overlay Group",US,1,
0x50xx, 0x3000,"カーブデータ","Curve Data",OW or OB,1,
0x5400, 0x0100,"波形シーケンス","Waveform Sequence ",SQ,1,
0x5400, 0x0110,"チャンネル最小値","Channel Minimum Value ",OB or OW,1,
0x5400, 0x0112,"チャンネル最大値","Channel Maximum Value ",OB or OW,1,
0x5400, 0x1004,"波形割当ビット","Waveform Bits Allocated",US,1,
0x5400, 0x1006,"波形サンプル解釈","Waveform Sample Interpretation",CS,1,
0x5400, 0x100A,"波形パディング値","Waveform Padding Value",OB or OW,1,
0x5400, 0x1010,"波形データ","Waveform Data ",OB or OW,1,
0x60xx, 0x0010,"オーバレイ横行","Overlay Rows",US,1,
0x60xx, 0x0011,"オーバレイ縦列","Overlay Columns",US,1,
0x60xx, 0x0012,"オーバレイ面","Overlay Planes",US,1,
0x60xx, 0x0015,"オーバレイの中のフレームの数","Number of Frames in Overlay",IS,1,
0x60xx, 0x0022,"オーバレイ記述","Overlay Description",LO,1,
0x60xx, 0x0040,"オーバレイタイプ","Overlay Type",CS,1,
0x60xx, 0x0045,"オーバレイ副タイプ","Overlay Subtype",LO,1,
0x60xx, 0x0050,"オーバレイ原点","Overlay Origin",SS,2,
0x60xx, 0x0051,"画像フレーム原点","Image Frame Origin",US,1,
0x60xx, 0x0052,"オーバレイ面原点","Overlay Plane Origin",US,1,
0x60xx, 0x0060,"","Compression Code",,,RET
0x60xx, 0x0100,"オーバレイ割り当てビット","Overlay Bits Allocated",US,1,
0x60xx, 0x0102,"オーバレイビット位置","Overlay Bit Position",US,1,
0x60xx, 0x0110,"","Overlay Format",,,RET
0x60xx, 0x0200,"","Overlay Location",,,RET
0x60xx, 0x1001,"オーバレイ活性化層","Overlay Activation Layer ",CS,1,
0x60xx, 0x1100,"","Overlay Descriptor - Gray",US,1,RET
0x60xx, 0x1101,"","Overlay Descriptor - Red",US,1,RET
0x60xx, 0x1102,"","Overlay Descriptor - Green",US,1,RET
0x60xx, 0x1103,"","Overlay Descriptor - Blue",US,1,RET
0x60xx, 0x1200,"","Overlays- Gray",US,1-n,RET
0x60xx, 0x1201,"","Overlays - Red",US,1-n,RET
0x60xx, 0x1202,"","Overlays - Green",US,1-n,RET
0x60xx, 0x1203,"","Overlays- Blue",US,1-n,RET
0x60xx, 0x1301,"ＲＯＩ面積","ROI Area",IS,1,
0x60xx, 0x1302,"ＲＯＩ平均","ROI Mean",DS,1,
0x60xx, 0x1303,"ＲＯＩ標準偏差","ROI Standard Deviation",DS,1,
0x60xx, 0x1500,"オーバレイラベル","Overlay Label",LO,1,
0x60xx, 0x3000,"オーバレイデータ","Overlay Data",OB or OW,1,
0x60xx, 0x4000,"","Comments",,,RET
0x7FE0, 0x0010,"画素データ","Pixel Data",OW or OB,1,
0xFFFC, 0xFFFC,"データ集合末尾パディング","Data Set Trailing Padding",OB,1,
0xFFFE, 0xE000,"項目","Item",注参照,1,
0xFFFE, 0xE00D,"項目区切り項目","Item Delimitation Item",注参照,1,
0xFFFE, 0xE0DD,"シーケンス区切り項目","Sequence Delimitation Item ",注参照,1,
